"b_HIV","b[1]","b[2]","b[3]","b[4]","b[5]","b[6]","b_RE[1]","b_RE[2]","b_RE[3]"
1.10967992048222,-0.33858213098963,-1.26649321545558,-0.0833356533077107,0.801121189758788,0.586623256404659,0.510822252249294,1.29444359300572,2.29513799434826,3.62463822597567
1.43200953788408,-0.209719687056058,-1.33218927574648,-0.0346764842575898,1.40297210262854,0.691333978352939,0.420538176267755,1.15624460112505,1.42349289021893,3.68664876883155
1.08514661691983,-0.367912906197526,-0.786665735357635,-0.376093069102394,1.11088851233702,0.720939755945359,0.478544760491898,1.40697267152398,1.49693542148535,4.62695966366857
1.55742847138207,-0.46922467788502,-1.21410659813116,-0.0459220659121389,1.40416308489751,0.177670431125947,0.482835207934951,1.23739675692855,1.36215764527623,2.13170421256914
1.82318017954763,-0.392248404712245,-0.77016668334276,-0.176430338115357,0.73224728947223,0.290301465942293,0.401549096552799,2.48197984826097,2.0466983367748,4.14929536950704
0.854732333580242,-0.721225014170457,-0.683265343317684,-0.324997388358075,0.920176862380944,0.0332575257548218,0.570878545514053,1.31346842188032,1.80595094777421,4.38643435486988
1.20257812148323,-0.508386858657324,-0.988793916421116,-0.221592639613212,0.561856808565059,0.558870209969705,0.637998686565954,1.32053139458585,1.65779651702011,2.96155852768805
2.19441986960385,-0.454525451197551,-0.144515161048489,-0.495251971630687,1.01383075091708,-0.278391899260237,0.635233332004263,1.53943849598645,1.71224060803467,2.58776012051118
1.11977265108557,-0.267535979369984,-0.252060626687459,-0.517109135463618,0.991453332208281,-0.0847709332984232,0.531415148171741,0.985012230486095,1.74079876897396,3.49909480935203
0.911913569865664,-0.623339194767551,-0.186160621457844,-0.368321496681672,0.945879169241612,0.173535287451932,0.501566191262004,1.69270212905572,2.15338961885904,4.82964959299387
1.1308314017591,-0.507620276144277,-0.609279166621209,-0.0537642887748537,0.474646866179287,0.0659161803616794,0.527122061183774,1.69980633658976,2.95186430479218,5.69280419179416
1.32740816851422,-0.665792626539077,-0.546202820690638,-0.258675487860015,1.14048936267376,-0.0909085043394605,0.61806362836816,1.32239069979388,1.68184556553087,2.42593988786465
1.12767552353392,-0.389704617245671,-0.77308202802917,-0.151111732565059,1.00019471435887,0.126902614644803,0.480830594640665,1.90321935562469,1.64800263199168,4.63727741650322
1.74345147662027,-0.748327085673459,-0.262273566325996,-0.271746299451266,1.18282591159364,-0.272699162295294,0.28343696031385,1.3290490432426,1.92323340477959,2.49283193844975
0.625692905774126,-0.238537895539578,0.169204816072527,-0.560899420814292,0.951530717036703,-0.0463498516558703,0.592421471830034,0.562722640583491,3.10053083483664,3.46537594896334
1.85102075606763,-0.807752549107512,-0.470879269287884,-0.432739261472528,1.44304130914543,-0.0502154962798148,0.377188913943893,1.04736240902913,1.57858945708123,1.91431657219845
1.13508011412558,-0.927064757421368,-0.41500354990953,-0.00218228630687056,0.265763024224178,0.0291473103533901,0.420367835934477,2.29631546753548,2.37282146950642,4.35480631517476
1.50704258658852,-0.540904885018256,-0.697030779271958,-0.253427835379458,1.08492389237692,0.335355437747521,0.698904940643494,1.29927878524582,1.75540838677356,2.72912938331578
1.59544955737166,-0.153416982273484,-0.3022346983173,-0.630122711177507,1.08220797181367,0.420180533976765,0.627569792466425,0.781269094497063,2.33459896783312,2.75788877209429
1.13956562691872,-0.558115424204353,-0.914147308014242,0.070403303397078,0.711769561233287,0.367895202987865,0.582647899336584,2.15514976250957,2.1092199503666,3.54281764638271
1.865820852779,-0.300585274153332,-0.718714272976724,-0.447263934733764,0.903914554703124,0.324496655814926,0.308384029870803,1.49550150599289,2.28146803112231,3.50282394382918
1.43391498878728,-0.511842860217666,-0.126829400575171,-0.558374055713759,1.06419127161103,-0.442959982636585,0.778744293842966,1.47526479675173,2.08972372700723,3.04775272525101
0.925352965076883,-0.365890467719501,0.214918027174463,-0.264611927665959,0.384425654669223,-0.652968820555555,0.854810219990732,1.07559562427357,2.28178549266476,4.7784111278702
1.39141818243297,-0.323716254589293,-0.789666425518157,-0.186499630577735,0.411085400032014,0.598493077712938,0.577300265990834,1.37311933784194,3.04906275599872,6.19863474684437
1.38907125041486,-0.0128024560857683,-0.386356203270946,-0.0263353373252213,0.707825495489483,0.146035590367401,0.459716034955379,1.1420066995741,1.69772615786264,2.74436485891769
1.2630509722054,0.0535990155205429,-0.191304990424292,-0.121920848914445,0.710347413516985,-0.486877124624658,0.574327443289183,1.38781039262411,1.81418870557754,3.39158882252706
0.666732933660114,-0.621780419888004,-0.976128915751191,0.0219776763370819,0.885868946264663,0.301334523542346,0.206471780511336,1.61003660984214,2.42904952665928,2.95200113225397
1.3095093478877,-0.621735552907723,-0.895067897547508,-0.279881327626636,0.729663652177679,0.306378080574246,0.596982956235502,1.37338316065057,2.26646121633479,3.02825156263882
1.75335891576356,-0.17990057939879,-0.364435905553136,-0.463716519712229,0.970920599132615,0.403557486416139,0.881223394401316,1.47841182126712,1.89614253155666,3.1270319727326
1.6415818059856,0.185360510237472,-0.874600601945019,-0.751662143948304,1.28964352057917,0.686350806587769,0.855322520172855,0.700390279200301,1.90820181272931,2.73360986126625
1.28311892498996,-0.3967792558239,-0.847946535345628,0.0613220346383192,1.01044993703972,0.22826761322267,0.371854269296421,0.92104277774824,1.81423175019985,4.09629404509787
0.93312243937022,-0.270088441727966,-1.49258145626308,-0.330922883005388,0.959389760422899,0.953430441787484,0.604050270579757,1.5186500866211,1.75865988244719,3.4039090100979
1.74584254928915,-0.463483579427946,-0.0714453348935741,-0.762717935476528,0.695393581566692,0.538518116181366,0.848539999122983,1.13593677095914,1.57541731701287,5.4207287037756
1.42391519172993,-0.511271957917277,-0.763701261618248,-0.194836781562749,1.00970512685494,-0.231392461212206,0.202730466307256,1.45032874333944,1.54190512471674,3.66327818513053
1.49876693117059,-0.501687925501905,-0.885981715628228,-0.372090935928809,1.14746778073755,0.139713794061639,0.403919265042194,1.12741038114505,1.60460250099938,2.93228128054828
1.9089533711645,-0.194708381881999,-0.587130011295474,-0.413672183160817,0.961985244716053,0.0971743826659862,0.504742816605242,0.81434504193047,1.70022207815739,2.28023716220376
1.77516712446039,-0.270488529622921,-0.678716850779675,-0.112571196559853,1.2440159344238,-0.0488455445578254,0.186134913378967,1.38570178958673,1.45950523102008,2.54892874743691
1.17841320372215,-0.206545452378126,-0.458108727064158,0.191305713656323,0.954906454243341,-0.0187213134205614,0.219811897585365,1.85270668183538,1.87669679720386,3.29242895770589
1.73517875340692,-0.719571491015435,-0.444227056781949,-0.436404197340691,1.10708323869723,0.227608817198644,0.520300176661269,1.1743348647362,1.42596509211194,3.09966334906136
1.26003055545034,0.356463530336856,-0.415537501185416,0.289372834837453,1.89157320401838,-1.01238363706345,0.112984149437738,1.08986518052543,1.44665324247306,2.29763836405009
1.34804569518005,-0.224654227767466,-0.918823468029452,-0.381149181424195,1.19726859984881,-0.0467277743194205,0.411070088579293,1.10880280121493,2.31592615642088,6.69951192506713
1.02724332498366,-0.301167523368284,-0.32367014303264,-0.32159711518223,1.2219601758113,-0.206777440095535,0.576781626782606,1.41136723559156,2.05584491982828,3.16431102022344
1.1405701381086,-0.101377156481365,-1.1022046818782,-0.18694362946402,1.0431241637201,0.00324252136002843,0.328379090469121,1.61551839387879,2.06651135279323,6.36364876239865
1.44524852918179,-0.54345620480536,-0.903686872463854,-0.0240798820629165,1.31510209428653,-0.182046019483585,0.162398045449743,1.14225214855547,1.36378664892777,2.67762680934797
1.08684513762377,-0.125607373796938,-0.316895934560194,-0.209693525215849,0.422266877774679,0.0748067238222815,0.580714183626492,0.863618376638946,2.58732652137543,3.99432184860543
1.6483704192024,-0.219192265300772,-0.98845743140784,-0.312618732272005,1.21485893982266,0.847120228790545,0.707313957549888,0.939392096878784,2.00416641149559,3.32155480413996
1.03062858678485,-0.45775186774992,-0.590970040975334,-0.00516645542485263,0.947395339849265,-0.343030064559685,0.402959214421263,1.26060857312223,1.32040203352045,4.0981881719207
1.51009081413914,-0.187215879451697,-0.303695065865821,-0.00382550619249714,0.823321653270162,0.133075130905357,0.352863389954675,1.65538795682945,2.65643137743444,3.66951636294871
1.90285921878719,-0.500852521548257,-0.175626218623125,-0.406317573585625,1.09038356258423,-0.63278945106284,0.2546155387206,1.72822074526753,1.42843942569672,3.86105469710638
0.96329718961138,-0.250116981379828,-0.544465917383294,-0.242614648064932,1.02495776075629,-0.0777252966333637,0.274711907653306,1.38177039844502,1.69245341799691,4.54324812070106
1.09728611078254,-0.996228832555689,-0.64031193469953,-0.102819456516141,0.309086629515958,0.110488779013552,0.406077474499895,1.48421350814325,1.47228190038476,3.18650249128773
1.4950758405022,-0.241816917886179,-1.02502064374962,-0.168534036171159,1.13330191838126,0.389726983321814,0.316413868635206,2.15286110497193,1.65639240319064,3.55365410308348
1.35911650414593,-0.506022531361508,-0.51132088303108,-0.255594443811152,0.72618501025822,0.0972105399912957,0.728683370133142,1.04606842741224,1.49851142343283,4.11059595974975
1.17852774184157,-0.696661311169574,-0.640432723260117,-0.124073799659392,0.941638175232585,0.501170309020951,0.365005778884599,1.18197350963087,1.07823628141859,2.97770925754505
1.08049515507438,-0.65855290616441,-0.762499527209453,-0.041177761515416,0.788962648235433,0.114503349803091,0.379994787262616,2.36459558853781,2.02991101787222,5.19763953663186
1.19029704664273,-0.481690396766675,-0.625731741615879,-0.232014036710541,0.788099091842305,-0.238746922952568,0.471066427957515,1.4383185945592,2.04163833225078,3.70747296042362
1.79154845387737,-0.801413522866586,-0.671616864124779,-0.395883105571631,0.988819396276191,0.289835347115133,0.482531626343988,1.17114405075994,1.68759913305214,2.90204428794597
1.23901245556751,0.0591653187227733,-0.158464256725127,-0.331005261975171,0.716649707049406,0.274171838351731,0.439972106422849,0.748646337210704,2.03534408095214,5.60941523930396
1.85918662290668,-0.578244551479912,-0.499204093982875,-0.475983337205767,1.16120987706322,0.0219353198764218,0.768574295295706,1.08109906068179,1.52214960359946,2.41191567819397
1.16658277506868,0.217395879664558,-0.138520499760628,-0.510917146455049,1.20672344866757,-0.0404231433021207,0.55826335214914,1.05517006008167,2.78535693316542,2.09666629922432
2.09120231004229,-0.275540274880328,-0.254230939023373,-0.385815028299266,1.50367646387719,-0.561340784473931,0.674048230264282,1.39626624026216,1.82711378357041,2.66201778895854
1.86466292034144,0.272364806304631,-0.0404526440117033,-0.450862475428256,1.35150451985086,-0.11494858736205,0.513780678306868,1.06961129269987,1.18040665477603,2.60170805282543
1.9520662208154,-0.650885352102837,-0.401082585632775,-0.0799586032993345,0.789266353090383,0.363460567100013,0.278896880972945,1.49751285436194,1.28690787156401,2.48461131649862
1.55665731529747,-0.523196081449432,-0.557145364620705,-0.623518414858907,1.14434447049653,-0.278863331288071,0.55341737461527,1.08732985774828,1.72462851077401,2.37600274868604
1.14906365054563,-0.509358001040684,-0.753706815013089,-0.166750605967322,0.655481199221546,0.110539292773893,0.37987886360164,1.19788293709363,2.02404180103902,4.12285651894245
1.52660659488903,-0.158804254646619,-0.449380648097768,-0.441267982708499,0.936229734635383,0.478821471455918,0.900923342735668,0.985391956530387,2.78404972484313,2.71192566537738
1.63676548658573,-0.205548712779442,-0.438330702746763,-0.238600234447069,1.11810804699553,-0.393885192306391,0.485525522265251,1.84885009487866,2.87572563538968,3.50962269047413
1.21065807091711,-0.715300134296955,-0.196908994163888,-0.396412142068364,1.06853670109544,-0.00100283648762186,0.596889796182706,1.47831881341785,1.71154321524195,2.95055746967948
1.29291432668166,-0.431976088554186,-1.46063724413665,-0.0719473966585169,1.06688093004862,0.395367962285419,0.488137506666475,0.842967308491895,1.73453295011288,3.08934738451424
1.81350969034493,-0.345709476262628,-0.446056430291488,-0.425352578846187,1.32370996472249,0.158050639519533,0.517402205909837,1.13187858387127,1.7991057780334,2.02776305197438
1.01112429540939,-0.726361406261167,-0.132850315656763,-0.249927592267931,0.962204332249011,-0.791844723467684,0.556173566240397,1.25534444504822,2.3380125692243,2.31144151059
0.931055587402973,-0.538391443931611,-0.593330676623545,-0.262023394884503,0.480611323581298,0.246184605536293,0.392674114788875,1.54020231444051,2.06504557461638,3.94737978909775
1.56137126956618,-0.568767351800097,-0.690722822463562,-0.129544589256758,0.536499317026508,0.504628044032855,0.806756750781261,0.977451568892699,1.57091116173325,4.9028398983503
1.28033993039294,-0.430055382533697,-0.852897065027626,-0.411546966113164,1.03840620671883,0.502690323031972,0.623251008759759,1.32980593502104,1.62212865245816,2.84657707758529
1.53806808237661,-0.31441623949372,-0.535851220791811,-0.190803797013916,1.01257035117929,-0.342562079765088,0.689259565328949,1.01603780940584,2.05114487049353,2.68650225523621
1.12492964242169,0.00478032489601169,-0.364885697820879,-0.0903445438439996,1.30044921705952,-0.287274351164794,0.749110843163219,1.69963052770259,1.92307596109203,4.16826018599303
0.944425577323267,-0.0238796131465949,-0.472121696254856,-0.0803932842947316,0.875650287192709,0.18027833937072,0.383698835280437,1.47776083735022,2.06986502047209,3.74887815947623
1.38393343699536,0.00439889669160538,-0.958184281689596,-0.0970571220866086,1.51640121914248,0.18740778633874,0.325384836806845,1.39280961906932,2.42279952960264,2.93487641785125
1.51376432780772,-0.65038052553106,-0.413481169893843,-0.258728651003327,0.879164981256998,-0.0952809885832989,0.550362367968233,1.53115769209202,2.61457911444634,4.0727865655
1.7669700331992,-0.18307556720783,-0.53194609027872,-0.746133980520025,1.46662849064071,-0.147795870565562,0.360674509522471,0.637728725846218,1.79129301424673,3.70599305217554
1.15707431138691,-0.610403137458368,-0.417127395089194,0.147987287763379,0.93433524264953,0.166763028948116,0.34613246681312,1.30626983516248,1.47844746589014,2.41474299654452
2.0886021148649,-0.18182767068087,-0.663752566981504,-0.241305880888282,1.48013717983048,-0.288989971915477,0.525134769652287,0.785257991655498,1.22199610549358,2.62943812484698
1.27163813177891,-0.297959086006035,-0.424770410149121,-0.437288992193337,0.850647367696995,-0.226753944242435,0.545143506853015,0.876756204982542,2.56753586488896,3.17289812414955
0.834636382034353,0.0714399565509741,-1.57750977917011,0.0148434738255223,0.968531105689173,1.14338138435281,0.426351417180426,1.17282941205192,1.53504823930893,3.77769483634309
1.52588223303022,-0.564601335893742,-0.5121174780379,-0.440501527938292,0.987147931116786,0.2579882655706,0.48025960379992,1.18766920456993,1.34760432587859,4.7875139406573
1.0863807385069,-0.513161724461557,-0.390262303455158,-0.11875640642953,0.610687030145999,-0.0104093777830211,0.479909326986472,1.0038061402702,1.924918386048,3.49762553752594
1.90979845732711,-0.294875506084255,-0.720464393159281,-0.109325568135078,1.10766894172911,0.19259204298969,0.450363512631989,0.963441569576086,1.74958321196973,2.81316482586999
1.39882111185812,-0.119847727605138,-0.574233901167962,-0.562212974933553,1.27107521046061,0.509314890587142,0.328247861504225,0.99475662908615,1.54159748614945,4.91909891898592
1.58510572465045,-0.227504745910753,-0.682831574722299,-0.116362169959673,0.841991248342529,0.19092298326378,0.333300599525713,1.26525828502147,2.06467652211376,2.74356774256812
1.68242403470885,-0.576023866557988,-0.461427327400427,-0.665382273308974,1.12744998630396,-0.0532055828607031,0.266912843286398,1.71949405803491,1.57002075400438,4.02257213714171
1.25216828972534,-0.630779754657811,-0.707956570653189,-0.0340162929556358,0.648946897147785,0.379958866727188,0.524972688877238,1.70898388780115,2.88539153417587,3.41733967809588
1.09249212233815,-0.106686436773777,-0.872049841574116,-0.429117834979271,1.20538946719917,0.458410431903644,0.519750876515587,0.899532159324011,2.41993494255201,5.12050667594664
1.39597024819448,-0.646365764202186,-0.492372937690344,-0.0553632599679818,0.966865682363629,-0.284967916355661,0.195840124480171,1.46638178301303,1.82004033575275,3.64113963603956
1.76431314731771,-0.317956207699429,-0.728093541665729,-0.410579267227582,0.794929418574565,1.03207895828669,0.732683927679404,1.44171108252918,1.61080513257661,3.11206104447172
1.59813693248281,-0.870024817496445,-0.269076786451023,-0.56156226370826,1.26901398977214,-0.331211000418442,0.436102530235637,2.33303780058218,1.73790585376121,3.37847691008331
1.17512360687825,-0.576194631190882,-0.636011953230569,-0.515182788614305,1.10081482105057,0.106589508860167,0.647085359786898,1.19422558581848,1.50530249739104,4.84871429032405
1.24017577708212,-0.115774807230819,-0.574912499656872,-0.784807563906223,1.0039764239694,0.339054003002897,1.02428142193466,1.59478536007159,1.73692224481615,2.95866678069958
1.50093507086762,-0.254877539732784,-0.410120110129518,-0.268575239931055,1.25004934255778,-0.435259456815648,0.146791789879399,1.29972034193396,2.23696940094494,3.12698812374369
1.28940566670398,-0.573096237731318,-0.155761505529617,-0.233161262772457,0.681289579520425,0.0677500645751152,0.401796348630475,1.40683349751319,2.73592080398245,3.67093446526389
1.63197588630737,-0.178442233691522,-0.790123059797555,-0.382041525631913,1.15755154522734,0.502436785819613,0.285555030199948,2.10227692844136,2.12247494183958,3.72121621078095
1.74443906159243,-0.239938092392324,-0.556556556837084,-0.473664618373821,1.50393285046656,0.0939022969916456,0.441533035304202,0.93755102980024,1.92057866676493,2.70911158968012
1.30097163460799,-0.392638228023879,0.182016119619191,-0.557390163828567,1.0672434873802,-0.102720457563558,0.375547113794912,1.50676939688483,3.62276005624215,4.53481900015664
1.25670916767122,-0.220089735894937,-0.256903434975931,-0.213150548321048,0.961055844413046,0.327500750166347,0.549371789905868,1.34542723794486,1.78897934059411,5.44763414867561
1.51650726553464,-0.157953824872495,-0.512596749899452,-0.056715926127884,1.24906187037771,0.0907821136943404,0.340930417417888,1.76100684660662,2.26446036585458,3.81943952951318
1.41975595688651,-0.861323107881012,0.103915018780724,-0.490698472144827,0.585912876777901,-0.167087645482054,0.601816194332549,1.34672137390608,2.3397837292501,4.13615275184314
1.61728912476498,-0.275719084032478,-0.773245155039518,-0.327343603030288,1.07455023832166,0.129182820471275,0.786666356371178,0.841198884175793,1.41105086308192,2.25429502592383
0.955450707184547,-1.1942763443608,-0.437218278958832,-0.0984096187021868,0.853658917318377,-0.665170496163997,0.384304976058682,1.59375898583888,1.18507655694743,2.04501575640035
1.96470064650021,-0.306329267496997,-0.834440274104222,-0.295816557586953,1.62452438174649,0.447193016317024,0.57235957782507,0.970557429680374,1.09314188004332,1.54269869510701
1.86385613681711,-0.318969365720659,-0.967365541760341,-0.0443867688083771,1.57703407704993,-0.215787446887723,0.197788756171773,1.61142255971587,1.27820079162845,2.90930477395303
2.25421153047354,-0.756982017990933,-0.377369828888353,-0.31828659766266,0.533071125032073,-0.334504785635528,0.720961279271302,1.51431421492957,1.41450007335605,2.81167020912087
1.32983711495208,-0.701397570276353,-0.863768313162906,-0.203576095935236,0.865289493752745,-0.116871893390904,0.433480603619673,1.62947262876611,2.07907967978146,4.23656745498466
1.57417562013218,-0.206059879893289,-0.289531326795606,0.133853662616869,1.13784351292128,-0.014606746620653,0.346732720634512,0.829311594337938,1.627972925142,2.24609523073679
1.49833050779839,-0.792867528534145,0.384333546013415,-0.439596610843539,0.776810532454033,-0.428883041520093,0.463947030009694,2.63886778954047,1.45455906726997,3.65528105774187
1.88136184169007,-0.660548938422865,-0.656266245335491,0.0688134293467339,0.909171030385457,-0.1541512696157,0.201800092735287,1.23140970330759,1.95848486623873,4.78352464660563
1.68491010322366,-0.955676672554545,-0.80484201533418,-0.281899876867721,0.768168945163728,0.293705874387249,0.579204470337114,1.01265583336383,1.7079660533968,3.15840733429869
0.848714060581551,-0.398418810733026,-0.51491073840122,-0.284741833085207,0.705848850005244,0.579045631610691,0.310113396935183,0.997056163625425,2.84206934715162,2.37746685541645
1.32923765026313,-0.145423859960526,-0.869750169166454,-0.0528074469929868,0.975302902434191,0.130231168125923,0.484015539374854,1.06221496526619,1.72584858910695,4.09802651195457
0.941579526391589,-0.368642032852218,-0.510625917754238,-0.346722653935514,1.18753524861026,-0.191960182233408,0.431359639870591,1.6750275424646,1.42751796607914,5.01975215154966
1.72252197431489,-0.291593697065261,-0.388980750489138,-0.121560576390573,0.864755250086353,0.209070332546424,0.495548409960361,2.41751545498944,1.73241631344721,3.3069695200365
1.73268664567313,-0.555956854976867,-0.0608825918426423,-0.429906148512729,0.715232871070752,-0.1994469475619,0.968871826928251,1.54404834290727,1.77189803479763,2.98502305370877
1.06747183179426,-0.677881983181338,-0.313895642153744,-0.732592364128156,0.723062786309959,0.152791956326686,0.638122380495001,0.982594891282529,1.61637411576007,4.31944142085674
2.10520508271599,-0.178408805154959,-0.46268547112782,-0.145408738671926,0.896673404621033,-0.32033703568247,0.67204116828872,1.13485042931357,1.47255028320828,2.69191585932348
1.07592584102234,-0.108360539018223,-0.178085470858682,-0.415480198855862,1.38511890515249,-0.417300712017855,0.431258732862839,1.58118816029982,2.1875214332878,3.59139860775733
1.08392433643603,0.0144927062171017,-0.48532201236977,-0.101938960846979,1.33770597887595,-0.163969957629904,0.530114424173571,0.69935770080236,2.63670282149923,2.64544454408428
2.0241521596843,-0.605663401672955,-1.18891524064768,0.0450143772054022,1.47688189354853,0.193688642263048,0.175655771556325,1.0347571874298,1.42787053001191,2.86498969232973
1.38162628044352,-0.224777448228801,-0.516114968626726,-0.556986664661468,1.45924295231773,-0.271103264769195,0.656994401072552,0.838163566583691,1.1675380939378,3.6113235120515
1.24284778665055,-0.498631955488136,-0.758440745645419,-0.526604918287106,1.08505813374923,-0.158940279389478,0.381664685427081,0.65046023341614,2.21081008695006,2.20651629669018
1.6815398594901,-0.521213836349878,-0.121106038354641,-0.323821914009065,1.04114982518015,-0.370015157396983,0.687456567853216,1.55604356531809,1.86616726514638,2.75461548613545
2.03852193596351,-0.593227503216,-0.171915776602905,-0.497086753114736,1.07032156688772,-0.127844358736284,0.716493792855178,0.938025344118774,2.16456339928606,2.52826845161913
0.860374835082544,-0.902121184908641,-0.277259195783216,-0.262976011460284,0.272546945147839,0.124923953341076,0.526038276209523,2.16165525356081,1.62553776098116,3.10291618038386
1.79790009964652,-0.747698368758044,-0.872917362488155,-0.558548629209357,0.720931007505789,0.537158257643669,0.697554002977438,0.907618043952488,1.69028501408671,3.36020789205357
0.78748459369296,-0.114807500006715,-0.829695131225231,-0.334607637454603,0.894171433305763,0.7942802404115,0.635806226612239,0.888267643444856,2.36847224865115,2.37924304131889
1.69202761143081,-0.968757859784833,-1.06685891505338,-0.182436832651498,0.927917840410579,0.280086832306938,0.555985004670342,1.14576050103675,1.68011392675937,2.22846974252042
2.07860854529203,-0.347757820697376,-0.0548387930683325,-0.28473102296076,0.749674528761877,0.178000056575099,0.755969132723143,1.58840381817652,2.05286411795692,2.80568687511116
1.21982310928455,-0.331075318394234,-0.325126935440899,-0.270022438355936,1.1664865166247,-0.244845986286861,0.731733751700106,1.00852473103205,1.96927982739994,3.88847055810905
1.48937962225,-0.529273893534411,-0.279580443093526,-0.215201636761901,0.883044457173796,-0.57442474220099,0.692882209195633,1.4378141999773,1.40999693308834,2.78764064325306
0.976461185522759,-0.340898634911735,-0.364005201036951,-0.479642616295898,0.673599180368738,0.139980472658698,0.495051431338171,2.19007742020382,2.06401213451411,7.07794929027589
0.994461058540626,-0.148707385865687,-0.547476194717751,-0.38164281594504,0.711009193513105,0.108242594109751,0.482396182377043,1.13705411511698,1.67807984702576,4.70788038430797
1.54358848279059,-0.475152114029769,-0.711962029412688,-0.427317392380999,1.01272373934626,0.243311641122559,0.795141434015334,1.38451903740467,1.1575538937995,3.90065135989363
1.32854311656024,-0.312774891960025,-0.705288626598791,-0.656313414684943,1.50114436959143,0.153295442436712,0.212442934119511,1.40499117749899,1.64304006285475,3.82204402612604
1.53883682424034,-0.582612257510341,-0.427166995584631,0.100316479607647,1.41872425543415,-0.760694495558448,0.179863185835735,1.19798380230332,2.05376027602898,2.94051607295818
1.70523220567305,-0.232127527951396,-0.490346467612919,-0.647653524491411,1.34850695459916,-0.154304775291153,0.904464545424025,1.0316687021994,1.36906415661544,3.20324256404655
1.96425710867052,-0.733174417806825,-0.536096147425013,-0.182894450284711,0.368193253279103,0.605235638718657,0.787023572708179,1.25818400451063,1.57992085965148,2.18851859546661
1.44690837542102,0.222227010763238,-1.00895072290695,-0.0441963574001009,1.24696265691016,0.0605521080648041,0.475134567453291,2.05054165060809,1.94686105527697,4.06508135835845
1.86770400233555,-0.13367291419545,-0.205661868839962,-0.418775672028052,1.32822820807613,-0.0435225932361472,0.671945208785028,1.27710538186134,1.75888468846375,2.38565937703808
0.871008082718481,-0.25920577739347,-0.97124371636874,-0.376874619810688,1.12415647845284,0.427545042108698,0.399468290558006,0.878480946616297,1.96110154820827,4.20282211210661
1.36529993772467,-0.265337149755706,-0.604458384973026,-0.0357800504793495,0.613034341978474,0.313491654448269,0.419011768055334,0.691539603729311,1.95664174032519,4.98804617157057
1.57672076832423,-0.600587689748019,-0.724086376034258,-0.476887820366699,0.735590204832616,0.281977711767896,0.503613523696136,1.7425998947196,1.50421726772496,3.79554317024666
2.10528982121802,-0.329359769622361,-0.536156374551124,-0.231608397252983,1.28878205320004,-0.125316600654564,0.391325581254984,1.10639114854475,1.55496196595617,3.10126700837713
1.32086143472202,-0.0605642820468264,-0.539220684010124,-0.45388818360353,0.977374592696987,0.154581836700322,0.621235291956121,1.75872528989588,2.23973722283537,3.86703583407123
1.0593788646919,-0.298744584458342,-0.622238374667329,-0.241669749006343,1.2916673513358,0.256085747511606,0.378713146629814,1.29310379861898,1.39126495552095,4.09587819017521
1.16139036082777,-0.197113429102822,-0.893316425519289,-0.0337505827887768,1.50656894168569,-0.0229930504027422,0.362641427320127,0.916414841728307,1.75003331056329,2.54237119295553
1.28027645946343,-0.253975985079661,-0.520047270478188,0.270745983782147,0.816322922695097,-0.370521879971844,0.275051269814754,2.20556789595112,1.71502066167268,2.97779088853143
1.75733929344781,-0.60712569006219,-0.371970471192754,-0.0892310354116368,0.904126659745258,-0.275238860740759,0.627052384924496,2.284314793411,1.85128190915624,2.95558506365894
1.09448326727918,-0.416280465381672,-0.644351875461178,-0.57114097850835,1.11606616245347,-0.0155769064558842,0.281087648120058,1.14605301101547,3.54570705055026,3.17165125018316
1.50476641664156,-0.222481179910281,-0.695491180568805,-0.437746527695629,0.691264137540342,0.460859983976991,0.522696911254884,1.20827808675754,1.66818462480799,5.84968672781314
1.42746308490857,-0.803005834729536,0.30923227046352,-0.216838649822698,0.892711310264113,-0.969373205994624,0.718862791670388,1.41207059396432,1.48798495878014,3.24784274469724
1.51340009686457,-0.410681412696157,-1.17417306135679,-0.367197980729414,0.719805114064823,0.305305619746916,0.359340535918019,2.22362039113915,1.96906882810394,5.17641421748415
1.0468362046666,-0.161477879495808,-1.12952797472178,-0.240564122892231,0.775003203418759,0.289657911034204,0.404706267564866,0.939622818979755,2.29283722174374,4.89916928156665
1.24691921536963,-0.715515068960221,-0.676719755969832,-0.650563915027181,0.855534530106238,0.244779009315692,0.80360259489155,1.35307628551038,1.78307488627371,3.98157243012605
1.2373475230586,-0.421596868593038,-0.961790231211385,-0.538950045643999,1.3932700066084,0.567082490082571,0.525660284429244,0.979339189987845,1.26210850859693,3.42683923910458
1.265477149492,-0.466256854861229,-0.170968969099533,-0.161433467564858,0.694813004089482,-0.0455937955566444,0.415543867333323,1.31835004386398,1.84309323193498,2.90250071360669
1.60670112431979,-0.332221956546081,-0.784356683450091,-0.0549958172569496,0.752339606118837,0.36736288986234,0.45876095485883,1.97273781072037,1.299534450553,3.60426677091936
1.3973949749549,-0.0283312191617434,-0.862704525769659,-0.43540125999646,1.26177810157643,0.375804381908549,0.4121487368981,1.62109729580898,1.51744408324289,3.86522631293235
0.874346986297107,-0.581318354275366,-0.786196180348566,-0.311701937664775,0.728508250978361,0.333449737385747,0.800352512900322,1.02881963068708,2.88402413038894,2.15840751433181
1.1370103447589,-0.660452978876116,-0.447348089559646,-0.179315972921393,0.819216930084467,-0.178618796435963,0.664700994375597,1.1896096803396,1.85548102720438,3.14534888587323
1.41792317592242,-0.493676633239407,-0.510737612251817,-0.429050683048182,0.515326779190693,0.563291419627728,0.644872186994293,2.1944709823731,2.19269873301018,2.0414768814362
1.48107937662569,-0.328537157326145,-0.399852518335118,-0.218960003828724,0.908698921739201,-0.192592506676178,0.41029413711363,0.985223314411109,1.99274178763441,4.09214322922545
1.49456308533899,0.0217570589528421,-0.405573185608027,-0.303568279727545,1.00964068600255,0.201362533654701,0.490867206064373,1.15413561707055,2.27760850189119,3.37218103457658
1.54615377174055,-0.50464933837591,-1.0094944829266,-0.374466321549038,1.44979136059946,0.0178221440345478,0.411176092308141,1.27358141144557,0.962029224822697,3.22994709029884
1.8596373637289,-0.673014528457952,-0.331742873328656,-0.363445664176003,0.945695113416883,0.354815682499481,0.312637943513584,1.07446723736835,1.91196666431128,3.13066640460001
1.45636111602524,-0.219743482313168,-0.309373670696136,-0.158999257450086,1.14645676866403,-0.826688951880978,0.512195622738725,1.37151725010265,1.69827919283808,4.07524938861208
1.2436928898369,-0.874008985344621,-0.574014613164079,-0.0211276143945399,0.918401717855708,0.352564131505525,0.427208283864915,1.58433642023534,2.18611884628533,2.08367118717996
1.08844463859321,-0.670822594268065,-0.401395304241844,-0.438941305245769,1.19333618365332,-0.0139725606851438,0.440745715038767,1.62651668759537,1.49373783047758,3.96801524293057
1.7408527385503,-0.455868765957477,-0.33183994779442,-0.453270817745834,0.912140693015615,0.199725668491498,0.575169912661372,1.41587784426798,1.76149986589318,4.36610397128541
1.76915831941606,-0.226014621428185,-0.664905514352748,-0.240262767526252,1.20399839076503,-0.343336018738281,0.41585878320173,1.55364811561515,1.89555217377819,2.79033659559346
1.22752667824132,-0.611503952389762,-1.20780659459652,-0.54523068545565,0.83842277555964,0.821898763402495,0.358838152131211,1.76198406184951,1.78020566486615,2.59180806379448
0.942881009201226,-0.577595208878884,-0.698136630095045,0.0509567041782442,1.41782342194418,0.297046922751294,0.456961691043079,0.885235159664202,1.39006105401982,2.1520285182122
1.18378659516161,-0.0269983934107083,-0.41832549821188,-0.0332282209533964,1.19142032892351,-0.588872335411428,0.0140966397824655,0.966581416075978,1.48994894946039,3.68785114189304
0.764446688992929,-0.145281854014276,-0.606881581509502,-0.229237808747847,0.742754524059387,0.245246397333191,0.603878778273716,1.35063840979399,2.42255582902796,4.30429181970264
1.57329558033717,-0.448867952683841,-0.269580578662161,-0.561613023671533,1.63137499229587,-0.565863269631155,0.686192494391531,0.885826057974553,1.6121321557339,2.31872839933437
1.41035430644036,-0.637634516019904,-0.314382566930425,-0.408288226596347,0.504209100823196,-0.211270374907806,0.695419349320299,1.52441194862799,2.36316011036058,3.69006317537753
1.77061269922798,-0.464456377781665,-1.10509251552198,-0.584181477083768,0.974884934052287,0.93734775572484,0.533395007793913,0.936011591037286,1.67678949304144,3.48756767476199
1.7434783460996,-0.676560805892933,-0.197662813249075,-0.545078931048005,0.920917458437703,-0.132934983771667,0.644575303431739,1.69847524785073,1.80287921149566,3.34536039926391
1.85922196583175,-0.258736066507145,-0.332126591252781,-0.331498130865899,1.19250508746549,-0.61523790947816,0.485202753496429,1.42616391868866,1.51156821110939,2.69909948594105
1.42097220862268,-0.0381780380920803,-0.68553067580796,-0.036812349918793,0.959540426487329,0.38590337291347,0.509185320289948,1.57173572892857,2.19777164122099,4.3285369052383
1.582851239767,-0.592187083590135,-0.913884238998398,-0.0207747178644902,1.01062295176057,0.243679175889018,0.340896881205605,1.01059725219677,1.54054872852452,2.9885510619006
1.34857726410908,-0.534846508736126,-0.583970572223008,-0.322056269545006,0.779990040619097,0.291325819770535,0.638740477022944,1.80096449887469,1.95463857082165,4.7226802755498
1.33046244726998,-0.23387823592071,-0.685583865739775,-0.127016282916252,0.724698726439439,0.0966883530928264,0.812093281096996,1.14324568685764,2.05513887139751,3.25378972512453
2.2116818563673,-0.480823621609576,-0.858488431149395,-0.31007386702884,1.08515190524552,-0.238703077057968,0.761971416236055,1.19555226037627,1.34760959757227,3.05951652399751
1.43905191514654,-0.236540676787825,-1.26653219327931,-0.11434249120154,0.962863838130557,0.547297343520179,0.264562802326521,1.45082453086345,2.31495969870923,3.17868813939348
1.31313007229944,-0.371054872832039,-0.216799152632259,-0.633707098355722,0.991335105292666,-0.300252406277064,0.28204584721629,1.43498694881735,2.3254254860189,3.4957442549174
1.39736300217224,-0.376838239868024,-0.542562854800235,-0.141544704692591,0.537878104669203,-0.0874083810482345,0.434989435157118,1.78573523603178,3.21335673671281,4.2469092667976
1.49089258439035,-0.498617644591904,-0.786472227487069,-0.274269224479146,0.804575693961058,0.331571638659406,0.0736443937942377,1.87180858949164,2.24544102635623,2.22523861051929
1.91372556810421,-0.278084677390315,-0.36322792721466,-0.335688732936269,1.37190823208715,0.214544845284028,0.599366875648761,0.769788934707998,1.23425875255313,1.76834040115306
1.01563117765144,0.163809493784437,-0.816878198757201,-0.42556223423842,1.20864309872494,0.259019452989634,0.30057300123496,1.27581406525935,2.07809764630908,6.47597911463617
0.74819115026229,-0.458746358520441,-0.246975524885326,0.00947099041183048,1.18179163780693,0.0628058109596842,0.200637705112661,2.07891930050593,2.25300990193478,2.93247097318183
1.68103607782149,-0.27040362431747,-0.496841171657383,-0.064076957855128,0.795901979685789,-0.141276443347388,0.516735062284583,2.15740552975848,1.70428382193165,4.98922601206115
1.83447139728687,-0.595849905120042,-0.639553797837542,-0.671690853156445,1.09715843379481,0.239211732367679,0.69140610968528,1.32354878560767,3.02745864655313,2.99688833747144
1.67909338640604,-0.773920358596318,-0.669101779402045,-0.158049829159462,0.841068750162152,0.279963013264479,0.524404134332982,1.97548830184938,2.09271780943519,2.89894061624214
1.1432669329996,-0.464564551691251,-0.563543967568526,-0.13592109826553,0.570232021533487,0.0387147951490641,0.318175927803203,1.31423258302128,2.33572158460716,4.13497897295662
0.985856188578628,-0.617593574569643,-0.459538603636106,-0.478695322890462,0.422168196718077,0.0735129820323862,0.512549423851991,1.51587702926464,2.12331585660557,3.18502759977919
0.928554103807759,-0.221403591166898,-0.337852273964488,0.0531999565856872,0.344478119088155,-0.215617841735862,0.551842681287695,1.5524924765522,2.13164396368318,4.7186654596
1.32101497387055,-0.547093215913861,-0.429254547146266,-0.228540137443949,1.06458336400237,-0.35536237377038,0.426873457654864,1.57734956952709,1.84104624862279,2.60723590527958
1.6343334372868,-0.253597483424616,-0.575093796701265,-0.0697945470961727,1.14145761119555,0.23005204256622,0.717743026974387,0.934273249969192,1.88013313227246,3.88411701599247
1.71970742288076,-0.640328316941993,-0.592704235008048,-0.288744357683041,1.47154011719696,-0.412202277085605,0.33268035331872,1.11847884857922,1.28062169397555,3.62565881996871
1.28412381931008,-0.539768312492153,-0.880371684633778,-0.369350800414458,1.36476975025565,0.0472863282984073,0.696420984193909,1.12237722484034,2.51681411653976,2.3976396207916
1.17361607141073,-0.361113587921816,-0.549883189205912,-0.012155592207073,0.946040728871525,-0.41716247668237,0.335549620905616,2.41133518244444,2.67584398747204,4.76348461930816
2.24356834051196,-0.273841806468049,-0.39011970690679,-0.613975728991115,1.09486024889274,-0.263856270286712,0.465595318931599,1.84654220211006,1.41350565322779,3.07490595280174
1.06788910575346,-0.607234889643381,-0.91490135600482,-0.0990788778758837,1.0908317712884,0.314309194854833,0.798784286344055,1.19031443324486,1.55362722981519,2.13783143911051
1.64766193325099,-0.322495204995357,-1.20424838688327,-0.292652525775682,1.16805327338339,0.125707089675226,0.434815636441949,0.670010219146004,1.22545683363755,3.59252228648517
1.55977025752591,-0.290115763892035,-0.270302970770805,-0.616446187376273,1.31285888221639,0.184245458629892,0.603316829443802,1.64941759143225,2.35720161645992,3.77173675131163
1.18036163866958,-0.282538376693906,-0.596540834930888,-0.271473939946523,1.00345913946474,-0.39937860865416,0.370315045063846,2.69557275339138,1.92542330006236,4.63807502764211
1.02378115335898,-0.938982343055644,-0.87812951290667,-0.193658097690783,0.61568868703225,0.270236866280765,0.419339285195203,1.80485914446601,2.13890259019258,3.41769242066729
1.34136614110922,-0.451454043443907,-0.479013644289345,-0.116121022705572,0.626074576167593,-0.0327870985333689,0.48877561968358,2.56274720690324,2.11189902062821,3.03582878622552
1.59799238781699,-0.0312180847560259,-0.595019633484996,-0.611295241938052,1.20919358091322,0.365370504493494,0.835389356614651,1.73298470192678,1.45416720382552,3.59299037133381
0.500908666585499,-0.595427060124673,-0.602997785249389,-0.181903527121425,0.733211024941441,0.426036712458867,0.766326851620775,1.20752968495545,1.60470890573813,4.59301806375626
1.14341334658958,-0.743935598505758,-0.248423430842308,-0.202669336869378,0.36105065251498,-0.00227926392041949,0.728653360908851,1.50364789097889,2.65227682321268,4.69032123933769
2.00249026856702,0.176114526933193,-1.0219739239662,-0.309709088806855,1.29632009383353,0.130546214219832,0.422874695307988,2.24348503198527,1.45072536356561,4.09154752563722
1.65432572672082,-0.378435206139704,-0.459859317308853,-0.133987386951917,1.10593716754792,-0.319129267709243,0.38577490997393,1.29868003909579,1.28599225749896,3.07317148857761
1.44641967681553,-0.900102583886315,-0.0177261557947301,-0.427533942211934,1.00096081974323,-0.37215933848677,0.529248866929448,1.35509214691137,1.78879402617218,3.0841581156645
0.925210304956472,-0.283705246943355,-0.373446292055391,-0.294565776842164,0.977451694989443,-0.103302927978568,0.0790872451407612,1.69285399535241,2.59942407588528,3.70384943282776
0.949544836521198,-0.209225095160832,-0.517592203935878,-0.359067019728758,1.00422714981648,0.0304594469595918,0.567918122405096,0.980750655508713,1.68808867373851,6.89219037979145
2.11213663469009,-0.617266601635285,-0.788664460929218,-0.0772571257713719,0.616186590190385,0.104191459179162,0.51612128468358,1.42474038184402,1.97917277837275,6.50446338243193
0.917984770768293,-0.228248942407568,-0.574445291769984,-0.103595305542129,0.820617057566924,0.780331865362447,0.33886538777765,0.877954298947398,2.90629191380776,3.59624027930417
1.2567250009797,-0.699813497693061,-0.661400872969208,-0.393591778796832,1.01478283068192,-0.010727299877358,0.574789815333243,1.42266968458736,1.93198026201969,3.64966327347757
1.34398443772711,0.0366777414315018,-0.597459134877267,-0.219524105807963,1.40692739824624,-0.317144392518037,0.291084833649225,0.928370692804765,1.94096155314976,4.19155892695431
1.49265181377188,-0.165541566798147,-0.507234738875678,-0.0873099902170665,1.21313618812697,0.0862864163846185,0.289597817618174,1.10302185551488,1.60312807430658,3.6187634224937
1.32750257724628,-0.745952051289152,-0.0922682594883278,-0.368628313921878,0.754817727266648,-0.18520567554639,0.51607461732379,1.43349336698788,2.36061726667749,2.98192412263699
1.60302852996666,0.114545711832619,-0.816953390370315,-0.0887224919124976,1.19283916732969,0.608486883671145,0.386977836585819,1.14119578293539,1.99151785349293,2.18063289872592
1.37461556835886,-0.894801517258093,-0.830340156343062,-0.353300080664778,0.575700089450529,0.114509839172132,0.528059593429014,0.96289973186429,1.41685787599493,3.1874837804735
2.02417655557744,-0.921688818824716,-0.391112349362232,-0.518408289130962,0.764242921813966,-0.0625274084871885,0.725139697698664,2.44883107613746,1.88458675224952,3.30114211865746
1.45777160115682,-0.544360789303316,-0.713081567134792,-0.581688714826953,1.08174077474694,0.109400534505168,0.626325818458621,1.29516807597728,1.8597582850844,3.62009513957632
1.19855707441765,-0.353784308016041,-0.587704086584526,-0.322965119476903,0.896962744349224,0.191593486210918,0.66943309930757,0.672971925818815,2.62079320234204,2.63059108162662
1.45725542197871,-0.474888429456174,-0.532788095304442,-0.528012739935338,0.817184390640065,0.122672950293507,0.430664316207292,0.851383597438237,1.82958465335621,2.32070073774397
1.35550433977248,-0.731289451032099,-0.950078146109457,-0.229346601754675,0.391162222844784,0.286648148980828,0.406664027069192,1.76412135106262,1.87306273648318,3.40339826127725
1.3990943921909,0.0266710312810598,-0.949304572331158,-0.319153009823411,0.925575414605664,0.6223926941913,0.498139982242088,1.50878365871043,2.11710300120555,4.92791034862908
1.6722482962791,-0.0737436551104147,-0.87795783049943,-0.320473432183482,1.23659714990165,0.303226301219066,0.57354042728165,1.42469460935378,2.5479562475829,3.78439717470372
1.45727458002587,-0.378779670854954,-0.469903090236413,-0.473785735884913,1.06811090663723,-0.121856377961638,0.487401885785049,1.08305511669508,1.5262923098177,2.86875183241367
1.38729291546868,-0.0796111602856904,-1.08168972797916,-0.685871657341721,1.59465741632587,0.299610066189435,0.651746873789546,1.07888324460499,1.42471407868569,2.84487133011223
1.08559511515422,-0.49570708052899,-0.443788255657341,-0.600286634701714,1.21104846535324,0.359053810592342,0.740114713592268,1.19622274433121,1.82841210447082,3.17932498978649
1.37679872984178,-0.26349596927885,-0.023214182549206,-0.571413593100707,1.02479301802784,0.070911917348843,0.388843268123162,1.22786002000124,2.11537808769143,2.32192633388077
0.963644689273632,-0.189486106816659,-0.857468414252485,-0.191001218227115,0.90236022493775,0.348120072182824,0.27279765162938,1.57711680044886,1.90505204980933,4.88232708477538
1.58287399455504,-0.523174483298186,-0.230061292968834,-0.709957684554306,0.990637965215563,-0.015405706459481,0.900162132495292,1.21280470999523,2.21139431939498,2.97790186889296
1.60320513198902,-0.572946160059729,0.240817888150852,-0.499548961786604,1.36668707577179,-0.847877348026387,0.513597863948184,1.19492267373487,1.91598122750352,3.35874880345327
1.37247986282313,0.158645280968545,-0.883700135555785,-0.123360049148994,1.32937204270804,0.0377435524244671,0.491765727780245,1.05817479049526,1.83973919935341,3.68663975198426
1.3354158244386,-0.586572682697672,-1.03782141079443,-0.273296959896512,1.10523566805423,0.583483827669412,0.666268523958608,0.780733651442835,1.90169428772572,1.9093633696081
1.96366516255104,-0.656691980105133,-0.236558171379683,-0.632943147815741,1.09680040073128,-0.558399572206417,0.740266736499662,1.79925699191837,1.5981945373678,2.82456477160697
1.42509712382805,-0.137799412926167,-0.63255169555373,-0.362343257309001,1.09852661609753,0.397582738280398,0.381537568308151,2.01389208159795,1.84465000326923,3.73650950810978
1.51929984667029,-1.04378936778862,-0.605847060929125,-0.605971461612088,0.863374669279435,-0.090324131111784,0.722507917970059,1.13549247864641,2.25652425758058,2.27043767659325
0.84920741172075,-0.467088208939734,-0.807797551023617,-0.247338217383825,1.07434647203158,0.0505068163503033,0.512532384434878,1.74927066104625,2.26968208434976,3.0150363343232
2.15829219362919,0.0280183686565646,-0.478633245640241,-0.379189183178398,0.828285103155123,0.79866214068892,1.09300827101286,0.610360735256768,1.91478672167372,2.49251068269899
1.43974853153274,-0.367979546446273,-0.90169280158818,-0.0931689060644384,1.28136492742545,0.266752944090887,0.058111240549443,1.14370429401876,1.38584666837592,3.54261594391419
0.719770525962048,-0.497001770130082,-0.640279562895192,-0.0871074336568152,0.771643317028011,0.0310176856975738,0.429174750143529,1.48521934649094,2.34876719570388,4.85055602041205
1.6811182055764,0.0344064547450398,-0.753855381389057,-0.355142722971257,1.32011238829423,0.169157620454773,0.0648555290403279,1.39225082016743,2.23812276470204,2.6626269679347
2.00175323099865,-0.48928836754219,-0.318778517362082,-0.305586622682115,1.00372420819053,0.0614644478396284,0.519091184464327,1.97963681917478,1.27457929970288,2.12940511956494
1.2858760268779,-0.444870096862394,-0.428642503947187,0.137034933337921,0.973868842850579,-0.215771338437715,0.0356629852201249,2.13310572618892,2.10423177667707,3.93377524046946
1.72653078960459,-0.87660288367117,-0.502413617313647,-0.200418093326908,0.664184635085185,0.0581734646251685,0.661223433503889,1.59280154556988,1.66358213807757,3.11306564424112
0.898790999330039,-0.294202600813991,-0.392247593047823,0.0150363029353797,0.891492859122009,-0.348508141819076,0.299018903868321,1.51978575015304,1.87821836850959,3.0928080553598
1.51626237009816,-0.518460886109942,-0.4489115068929,-0.428270023888093,1.03891437655197,0.00090159737448123,0.53363306881509,2.27254194786944,1.96049787216106,2.38153105849467
1.5919367104344,-0.327236209435907,-1.06824317408722,-0.552928672323571,1.21751620099741,-0.196368170282796,0.49624575511983,1.22876897678678,1.86000380442272,3.58893149053859
0.892010372307604,-0.803411711455252,-0.314395977395374,-0.313968691425672,0.733322932708006,-0.624343344510477,0.418718889181686,1.6137776784506,2.01243110103778,3.05145857510386
1.3290001742333,-0.289711497064117,-0.839305417241796,-0.273549798201347,0.733566374774029,0.206051370853849,0.468536756324941,1.73885799097314,2.29987214609053,3.30958916120085
1.31798576701764,-1.01191314922706,-0.616681389404888,0.0780915938546101,0.611918683909569,0.621354056265685,0.211237136565952,2.25626368595565,2.12859061251477,3.33186164360181
1.38325098729713,-0.559357898186103,-0.380515524616526,-0.215356041526287,0.889889014421845,-0.207742261605992,0.412933806952184,2.26713469542484,1.86178283694349,2.59591018893864
1.41902844110796,-0.102273712782124,-0.86982560376636,-0.491906884036183,1.29619346500567,0.16344223083734,0.642512021283264,1.28075626339008,1.36705666050703,4.25731618042819
1.14804633793997,-0.348677495834696,-0.709428202651744,-0.294517755297867,1.29839513073322,-0.244551863965313,0.566110057562213,1.2514240973916,1.34877046702067,2.65577177878778
1.7764098927355,-0.532366149189647,0.200283292230754,-0.768444580990717,1.33998653387655,-0.820340104379849,0.70256800203273,0.885857211810896,1.92087374840771,2.41976831010504
2.00081945213761,-0.0806942337181352,-0.968339444285005,-0.329083564191826,1.30560524506089,0.445288868787726,0.531484965791537,1.26758299666951,1.61899392061799,3.75939028454535
1.62606710133759,-0.776004598082166,-0.963719919854382,-0.343567626353352,1.05976307718728,-0.00819380613618272,0.311096618875129,1.22822997166601,2.0045836267684,2.6109752757045
1.31353087055638,-0.770394909968564,-0.626458702916818,-0.0174783194975368,0.547184172946403,-0.281806308860246,0.503119087005957,2.06974876278724,2.17254671207388,4.27322475735999
1.72001303370289,-0.961363872611577,-0.466207267672352,-0.556256941903365,1.0710035847459,0.413538024916577,0.455678181618834,1.23924137970657,1.528854017561,2.44020950051795
1.19958772272036,-0.236425812729441,-0.90988734009385,-0.191589671070276,0.823272047078571,0.737679050453461,0.719102271067463,1.09357511769003,2.04138411029911,4.5645467161863
1.33618063013136,-0.488327754280326,-0.830692756201364,-0.0434954141265401,1.25844437407093,-0.0635481386636116,0.379131241417724,1.73848300168392,1.73205363079719,3.16777488602762
1.46120802099337,0.253393422171969,-0.610111060657174,-0.266794778382689,1.27105961580665,0.320380149445345,0.608447875173298,1.22806829885101,1.593078588688,2.41044312959108
1.43967953861416,-0.30697991850491,-0.332686619501897,-0.36362891510814,1.05679415224835,-0.377091075531212,0.286815501962096,1.69835108637027,1.95780888617896,4.41762382759926
1.64863375117578,-0.722531304425235,-0.661235169666745,-0.174090683730603,0.951851598035792,0.189319420579316,0.699737235905039,1.13548402137108,1.5712399448155,4.00896116173203
1.79106652351746,-0.901463003151201,-0.643586060688409,-0.31657745821144,1.1500347711922,-0.225966855221181,0.628259975345671,1.15310852064247,1.57336746441692,2.73467519181784
1.76294985605977,-0.00769310710656183,-0.49285418928294,-0.194869700744046,1.19930660078358,-0.0691925491121038,0.571506388835368,1.00679526123748,1.28360580829778,2.71456306237821
1.0692872593775,-0.278142103298082,-1.00137296199225,-0.186638745470579,1.03575409930153,-0.0949527636738887,0.520771728036999,0.843550668603004,1.4311851197568,3.54650172934417
1.30919573329551,-0.414623049020369,-0.879569491768464,-0.0513171511945194,0.768619768148105,0.390241361070463,0.317253419116799,1.27683343102782,2.42400379241544,3.47053305874578
1.81646296211931,-0.199297689485802,-0.496252315115139,-0.473419485297955,1.26988849273714,0.36702450739829,0.595507174196413,1.46100534873125,1.62452311171757,3.58837204766087
1.67329597930755,0.0516704158609415,-0.609900607216852,-0.340903464804818,1.0102049108711,0.384471711182585,0.686155499279785,0.668484165199152,1.40246716342935,4.81157932779812
1.022491425912,-0.322091272021809,-0.887061891108167,-0.272428637572692,1.30806812885305,0.310721788953718,0.220671780367353,1.3437813743913,1.79301348514534,3.21852850399829
1.27179871454687,-0.980599379962844,-0.739800826559955,-0.469201195155053,1.06561901153282,0.126419144108168,0.332265480765097,1.54962288864078,1.67264607731874,2.25908147198042
1.73793058471204,-0.270878971517081,-0.319911375035245,-0.260562149025705,0.900991835812694,-0.405711755775016,0.499097237764791,1.48296506266576,1.82857797645888,3.43087638065124
0.781004959721911,-0.108913976212443,-0.280805215819575,-0.364894550703471,0.864070411682588,-0.202398536448331,0.297645090786188,1.62329079096141,2.42269614174618,6.01301460445984
1.28253791892051,-0.349361183500038,-0.799915729855287,0.0273815898134252,0.972733561758407,0.514719406479743,0.242432954850805,1.9727638615079,1.78613292259838,3.27580382022839
1.12911764725646,-0.539456374396793,-0.461561738326293,-0.401118694827369,1.11383795282132,-0.641581632432271,0.363192802707341,1.68311160762972,1.67113087804742,6.27197715827021
0.924543838178456,-0.161477381669309,0.093830495164105,0.0649591700224375,0.601575107825183,0.0967183421134522,0.372734787457976,0.0858562370203367,2.0592358264242,3.68798422678236
1.55777074664085,-0.161496945477794,-0.868995723813896,-0.284625299488529,1.1377481469871,0.61624426856336,0.207944333140097,1.703979591718,1.79891165664591,2.63924576177764
1.77944080757913,-0.910275561250454,-0.654876143682555,-0.292701663847969,0.758897618742862,0.335673400704348,0.329025177436996,1.89048200488348,1.49371195928517,3.7234344605276
1.65021699394522,-0.398600589080022,-0.916775311836938,-0.682428110386286,1.45449107126774,0.202004760946291,0.449202370032157,0.998809147540275,1.53971306802816,2.52316761647864
1.17303304850108,-0.541522618805567,-1.16557303710875,-0.126265365817758,0.997175195536231,0.253800224519623,0.427079420913565,1.26552756656215,1.61913410631416,2.59157341496412
1.9166414767751,0.109779357926603,-0.579109941588075,-0.447265018940776,1.3210313038068,-0.210058140059815,0.496245847802574,1.30703875838781,1.76661101775752,4.82033328011782
1.4583672843568,-0.396959537693504,-0.268685712129748,0.0511338642939779,0.986126290792546,-0.741827066172463,0.324951596462279,1.38180534144174,1.66357122127798,4.93832682861473
0.755099756142894,0.229768866646919,-0.324246338568145,-0.0845204580070592,1.36330152888516,-0.00820104198929351,0.668500907414937,1.47006818336638,1.83171185927543,2.61356316620956
1.9895560280945,-0.481947726287712,-1.23570883539446,-0.378926985070965,1.24165262090506,0.792569231757737,0.56594922354576,0.896550460624504,1.28771768908574,2.23387296150539
1.47212183812759,-0.485107127352121,-0.295611797277785,-0.36565759830724,1.10405942765943,-0.265831169878329,0.662822395945227,1.40694429023001,1.66514261839991,3.07135805001981
1.35853953489264,-0.232747502520425,-0.674876393375594,-0.155544387934439,1.16166717426023,-0.421616818190358,0.475001655823847,1.49155178936469,1.56911298467651,4.44468954054068
0.701672796809553,-0.722862639971985,-0.371946880206125,-0.16437495781888,0.91054040144581,-0.657847018008582,0.312294224831563,1.6319106210034,1.97361626172426,3.86578808373219
1.75790531016315,-0.117695599560803,-0.913623894810965,-0.104652993173402,1.27387808079136,0.320998390079539,0.401029812372997,1.41214830331451,1.02074954942838,3.98444573040548
1.43107350656671,-0.730742154697146,-0.565843957067154,-0.20875637302043,0.8428082066975,-0.0535050177001947,0.662799675165116,1.15254318527109,1.72991021062655,4.3017549035706
1.15157799024823,0.0878345787010457,-0.457473386816208,-0.317230256468448,1.12329827940547,-0.0564479914195805,0.342340287577574,0.861806010226708,1.8477595101741,3.07765071589337
1.68140348196545,-0.539189353171145,-0.586311090684459,-0.215457862290476,1.36795595175001,-0.210125539974946,0.425607681129703,1.14430433817338,2.46293033065521,2.44722602910378
1.2551294997022,-1.0643261313956,-0.467051873742282,-0.372623691231025,0.892484599448916,-0.0173869443485199,0.500151374890122,1.85190099954812,1.48493222570225,4.17367745988795
1.81992927402181,-0.216738861620884,-0.0393508837836392,-0.106497608382035,1.5397088547991,-0.439953281885506,0.502136549499009,1.17557656180028,1.27998791770782,2.54866621977722
0.920702224394542,-0.608118502123142,-0.258877398154426,-0.0976070016837646,0.67788583503706,0.312356910591344,0.469061773508963,1.21599800155329,1.85478161040691,2.18409531071041
1.36947035730501,-0.171781616557902,-0.708910568881915,-0.26188957373349,0.91939133960708,0.225538740703858,0.649319790529837,1.09319773852218,1.95915740698198,3.7587918706272
0.796546148688418,-0.751902034943181,-0.17317483353456,-0.458882859644544,1.05550338331865,-0.516837352154862,0.480635365062245,1.54096981262945,1.67557834298705,3.56377509613552
1.17393636791259,-0.371107165552383,-0.339391599177597,-0.0553437888527744,0.749198014726992,-0.19991272348924,0.496087193762402,1.34807493128542,2.08953986067237,3.07585732076273
1.56343556293948,-0.6124999346997,-0.930424566465853,0.115761129419571,0.991660976153387,0.250415452323171,0.181446910439708,1.64169716632792,1.87097077596464,3.28660869060679
2.31664856737283,-0.414180642475728,-0.541221759928274,-0.234138110679328,0.980998782870092,0.144578475859349,0.840456141855981,1.40414001703723,1.45687940419498,2.34418505102713
2.0174141954063,-0.30446965631861,-0.585324878597722,-0.220345081783415,1.07674017570185,-0.0166863218756123,0.288294752939668,1.3557232493736,2.07161916642405,3.49086346624785
1.37114533943318,-0.483548428765564,-0.0253026275538785,-0.425283724980403,0.758914570324806,0.0670250231085459,0.400887655157679,1.96390200316814,1.82047129000106,2.25206125361743
1.71220407036895,-0.656687998423228,-0.46713317464144,-0.644586741944319,1.25874277681543,0.260890870499534,0.551871162209188,1.33402795248214,1.66199594432,3.71284478385815
1.66646260676113,-0.604755261159122,-0.681315281007547,-0.362732898896261,0.84504677028348,-0.0202343652049434,0.547703482356304,1.11077810086707,2.43472407028573,3.67151286263054
1.95944305766244,-0.0826754454779243,-0.61519781524901,-0.539937485128487,1.23187996307603,0.166121707831425,0.718994028119586,1.19431555617888,1.67095660984554,2.33656898153544
1.60084828959195,-0.250892086151932,-0.411701386754695,-0.153989519463596,0.958095734431428,-0.131902789045974,0.63992998874669,1.83094542149403,1.97393326947307,4.4164123449697
1.14928285098488,-0.250049138012591,-0.500526606848766,-0.329140819991524,0.867617981560212,0.14565546349011,0.538219257425421,0.787223181299604,2.03254853277017,3.57012098683017
1.48515254786419,-0.920914352042681,-0.580343067979475,-0.254282937017306,0.975043547051521,0.315973798217007,0.639439705109479,0.856118382757903,1.83917800522593,2.28716590688419
1.8545303757468,-0.218572994292452,-0.348881087151043,-0.424492561156356,1.13426176798671,-0.183130149136607,0.650101326570789,0.851199339067296,1.48200490335086,3.40177463731308
1.26947392904804,-0.158271145964818,-0.299559628195994,-0.272766866814337,0.998712310617324,-0.0897175041211333,0.256020848451308,1.93754646089157,1.85650649150258,5.29974425675864
0.821584614576459,-0.75322291585329,-0.185359816571149,-0.189936499317933,0.816267207951806,-0.216291323384522,0.21117958293801,1.43055140211483,2.64721977297853,2.56808463936191
1.39542013707407,-0.255980209044185,-0.561101336931268,-0.297295065190369,0.710445775917607,0.131139858072495,0.66818668371027,1.20714569220423,1.57055516389328,3.68661733411628
1.24153195137794,-0.43065886246073,-0.459440955086702,0.0504165630529083,0.561520766337841,0.0308342385460799,0.720564705245406,1.22560742477965,2.37078836525991,4.47128595640926
1.38795857192125,-0.502602183058649,-0.642689071674142,-0.138238094084802,0.636586755360009,-0.206500062202975,0.747218457468703,1.02315389623437,1.24173895585691,3.74194706710004
1.54057402706733,-0.494851536394424,0.0331870313835205,-0.494782355900718,0.99145618872467,0.039538518185676,0.525333202566997,1.71137287423032,1.40533758923408,3.13431194811257
0.800016336559964,-0.678479379608383,-0.45258047421871,-0.317456524699469,0.344666130693502,0.481380520711416,0.700574072445453,1.35866020475377,2.3373520707933,1.96873741645167
1.09147081007306,-0.33702741710884,-0.668135752695469,-0.41930462682229,1.10408060766064,0.092434757585697,0.532139125646101,1.63636249513512,1.96082612602481,4.24508893056459
1.4711539543182,-0.634062852708395,-1.02197122016006,-0.580149072968463,1.36136870471448,0.34123132094847,0.412472983168817,1.47190625769532,1.53530393710741,3.0590546168595
1.40776037512019,-0.3171512454765,-0.245931128457685,-0.198334385267015,1.03943802303444,0.00579149058014033,0.257133426576449,1.9485359564468,1.77148184332139,4.07192720365412
2.59616641103161,-0.253645088594993,-0.79570624699542,-0.807951279813291,1.51027359826039,0.573064557172445,0.838713223177405,1.12034791984212,1.66137975843129,2.05805810209502
1.55527171128956,-0.505783152269505,-0.467602116711022,0.00983955521775895,1.15645596822799,-0.37712359793477,0.447718570569616,1.19053717842185,1.8066572886861,3.4716292338806
1.64459343274796,-0.0284313121053521,-0.394962171401872,-0.459515435080254,0.953907465620635,-0.105529812261069,0.610679593406703,1.3900405888342,2.51858517925782,5.62410715298837
0.953160034553549,-0.386082075742277,-0.950739418306222,-0.112878850750363,1.18896651245937,0.0324729892375782,0.455231452450471,1.79725317006284,1.7058402410637,3.80102680043196
1.86381880786282,-0.696851524835489,-0.418560682708127,-0.670690801150365,1.01278627332894,-0.150103210820622,0.647686475805469,1.52886294626304,1.15878766439274,3.04986447758029
1.39110773271419,-0.49992936025527,-0.476656898028772,-0.0494200173819054,0.945812942682469,-0.256392884028062,0.134315597032643,1.70527197153733,1.92452195339461,3.17105833434467
1.14314220530558,-0.407104461895105,-0.698705555686613,-0.379040577991753,1.16995718583009,0.217090343198963,0.336823078585062,2.00627090176057,1.99834003126088,3.56560144737292
0.976397901213202,-0.439387450304536,-0.131475594185618,0.0655534361779344,0.945014896800798,-0.178072883745206,0.144215127710072,0.84219962765848,1.75353758274396,2.76372385104588
1.7346053559941,-0.982940917099614,-0.315436170080949,0.00637660662983506,0.786464067969511,-0.526800447893226,0.39450730035021,1.71545675326467,1.95593257486662,2.45755002254662
1.3484298594795,-0.467356996143036,-0.841612949213187,0.084485179047903,1.14632840935769,0.362707696738575,0.424276285144875,1.08746387963413,1.93601144885932,1.99053767867665
1.13923302618843,-0.234471946525148,-0.70256914382743,-0.121142133225137,1.16621774308665,0.101025004261628,0.372518960287972,1.43902285654849,1.62713870179902,2.46788670580306
1.25396058652055,-0.382857823745959,-0.407067089363674,-0.0826490494355724,1.05303818450648,-0.359202055547331,0.614187630596834,1.01760271602499,1.40378314834044,3.49529947917075
1.79850836127459,-0.217617013597635,-1.01053475988204,-0.0393015979147806,1.36263436160968,-0.176108343594948,0.178427468327907,0.808119544690946,1.79143172801728,3.27742488845114
1.14120736518521,-0.718859125146912,-0.499419906870636,-0.190520506730182,0.577390400790023,0.0289041123471686,0.374776327523594,1.20901661057442,1.83809217542867,4.22466604211562
1.01697093503542,-0.459491187227006,-0.775399004504572,-0.233858983088434,0.882975475703613,-0.21538881796528,0.527503360815569,1.93556516166575,1.76134937935842,3.33217885857094
1.05549659309339,-0.644113196284729,-0.0960652683567469,-0.103342743122096,1.05707343751214,-0.737955496052097,0.519767941919543,1.7435807221137,1.42235727745087,3.92452140723647
1.35796950169708,-0.349867789552676,-0.25754273062962,-0.0907364386205849,0.962437487632073,-0.153001511450774,0.318449350220386,1.36895052783099,2.31436516692182,3.07069236786105
1.27713933118905,-0.237270230888767,-0.354137018819394,-0.771293968806443,1.16627872794678,-0.0873486046636599,0.616526548637812,1.05127906998248,1.54794632087812,2.86341682420133
1.35720548942473,-0.374821951939154,-0.670998653800398,-0.447966989915326,1.2889763311771,0.221012962657116,0.267231176361479,2.20011321768821,1.51354266866058,3.52276527363221
1.20510198716627,-0.461225809046124,-0.59578068711854,-0.530287296249463,1.07403990257707,-0.450361885092116,0.399125444103575,2.30137464649574,2.00448069668375,3.35784489347312
1.53277268289397,0.225136870090684,-1.20638345680705,0.132872211082448,1.3009045474132,0.330158579716705,0.475290954259772,1.55905912585527,1.67405944764525,4.29617058040525
1.13334582318867,-1.34639174035604,-0.872513964897104,-0.236302237699329,1.12927119121836,-0.32574892636094,0.55017036882396,0.781701213719193,1.07799325092528,2.66068448865313
1.05801903833837,-0.58366243226518,-0.773019261786405,0.00339031495057338,0.815719949947689,-0.264817581282917,0.431465618814762,0.764371628803448,1.86608245129635,3.84010782588227
1.34018502112381,-0.29533892562949,-0.540593423328277,-0.24612702937606,0.9669060302842,-0.0669760182920549,0.64838019285791,1.26412930127092,1.44599137899441,1.82297805719637
1.40599305144783,-0.415352523095235,-0.462864323539139,0.0262801454715764,0.69917446681495,0.219356494521667,0.694591333585272,1.50316451405114,1.88671067234313,3.62332992362239
1.18164902029479,-0.601810422897901,-0.91498186715499,-0.522359754862647,0.847299598193012,-0.0846396145547115,0.852414115193599,1.58627619334096,1.69564583240073,2.79668646046166
1.2402186439196,-0.276180094925961,-1.00679446757079,-0.608412220358311,1.33096601003249,0.870467535091152,0.585849432888034,0.917044877303177,1.67732924321317,3.74172495862243
1.49084101484971,-0.0459339346723452,-0.368264555306854,-0.240463392727193,1.31918219353646,0.0972968862831934,0.613007999902635,1.17452607782652,2.29953740630511,3.95234930336456
1.1990846716611,-0.294872030124582,-0.605987589325475,0.00760251640186867,1.1870852754219,-0.393175929569724,0.469550577910243,1.50651724358378,1.31486029840337,3.23955357106668
1.35209286677593,-0.475516808169043,-0.759169666455128,-0.0919567547143441,0.728863519894751,0.1562701874467,0.152747998122754,1.49828787862781,1.81792368458029,3.89862934906324
1.81315276048665,-0.973273872007326,-0.615757914600211,-0.618980881718279,1.63234145810865,-0.431089313677214,0.561510867647857,0.871483684860952,1.28512144975824,1.85075431161728
1.2498889726865,-0.470563330721208,-0.0988822716323711,-0.467865962617499,1.13801678018232,0.0980667855626634,0.488605927950757,1.5239503360942,1.82255265750571,3.33196646367751
1.0979588701662,-0.589420426856001,-0.57649924349205,-0.377651562198722,0.979206643720703,-0.368195184193704,0.65677869560654,1.84352651637369,2.28326053918583,3.82420501789746
1.23949676076384,-0.345077914432448,-1.68242964131549,-0.162975901141004,1.31174311238713,0.524110940393446,0.316935698359885,1.3785890670852,1.80867344801292,3.38529835314185
0.855998372147566,-0.516866420000278,-0.185463480388237,-0.0182312491004857,0.762998298127546,-0.782982042390588,0.432104551932755,1.4686648225144,2.55939325700935,3.03111829877708
1.22611754115596,-0.541883911323131,-0.705122379596392,0.041710377108658,0.487950668793069,0.363374884625353,0.339021147744054,2.95217779812423,2.03124078420435,3.32381685293223
1.13984331113407,0.141335221277645,-1.22680931469027,-0.394092430645442,1.7242351355375,0.953240910816614,0.0338316119112187,1.34439266014249,1.60360687154526,2.34669411703291
1.3972134896934,-1.03432759206286,-0.537492116080653,-0.00795765660832683,0.399801403606369,-0.226903838588546,0.650619838633804,1.86479648197143,1.82540260411499,2.83498152134597
1.94721186090952,-0.0166570684104164,-0.651856204622707,-0.450863687683149,1.1956960516902,0.0369305601446945,0.639264807252692,1.13755993314158,2.09153136918101,3.16076807213273
1.56868616553712,-0.286980759523623,-0.943547470249492,-0.496270329939051,1.00965202664703,0.175576214380866,0.542132324181937,1.36865063946941,2.05191578715269,4.22379007813964
1.11282397462448,-0.481638759699433,-1.00645538270743,-0.0282815574330001,0.81395861502707,0.230433185170504,0.409873868776279,1.8775377601042,1.80006795559079,5.90090912962971
1.57266102602305,-0.578897034262247,-0.634172515709239,-0.379110890763724,1.16627540664391,-0.180753207880683,0.376730261323333,1.66541284967374,1.71438714199892,4.70254264779299
0.994788369095541,-0.489445589450972,-0.294779920726655,-0.150480657686001,0.981361368365921,-0.119070975977583,0.319903963614087,2.03954065742856,2.3988089906773,3.95636548489918
1.45542301743291,-0.185985322874699,-0.485458619049162,-0.254088905351804,1.33258922622974,-0.0908600782823786,0.665546158244574,1.67388879287126,2.08747732283382,3.74708425838052
1.47928335574386,-0.6613067119221,-0.0775978287009341,-0.418962311715454,0.940134268859859,-0.484326755838474,0.476025392065987,2.00421514275287,1.66176147232317,3.99780044345769
1.32041232577439,-0.571706894093268,-0.557423324222948,-0.344206228370738,0.862404571519343,0.0558249340363047,0.745383332350724,1.53948211862326,2.09916350149468,4.41343067305527
1.7396214326843,-0.318657592437842,-0.607381695008724,-0.325890615195229,1.2643214028962,0.188739242448851,0.60225573758439,0.869641778361114,1.72607216635777,3.27534987480913
1.20226904472548,-0.397458153492688,-1.20473353632949,-0.092743412895146,0.992987732691584,0.856207095695952,0.427473212413659,1.3494635327476,1.38485625574117,2.7581034638425
1.20244334678538,-0.908507996235816,-0.911770375302696,-0.138881780185604,1.26626481171299,0.292056388887318,0.359170545769054,1.78912559197013,1.25268455046964,4.20223969254054
1.29651722022953,-0.356186137752453,-0.96482412002861,-0.258932379142294,1.4427303523745,0.312434096055882,0.128088244764869,1.42092104369038,1.64969768216576,2.55370351226272
1.81169856779063,-0.0357572729105359,-0.541978389641491,-0.457715407203247,1.69277498630917,0.230055944804637,0.42053289764218,1.36182432493378,1.97425833572837,2.54778776658962
2.0664586770432,-0.7419967884457,-0.225799171716129,-0.406300348245845,1.38032420928603,-0.762075845300436,0.819460806080302,1.20886095292679,1.14737426444503,3.1353868498574
1.62387597083736,-0.589761421464158,-0.522307301245278,-0.213431302071373,0.850990878814875,-0.0208372207654566,0.437591704552275,1.17641880857346,3.04931200374323,2.77649140723846
2.06426281582833,-0.361590462726542,-0.0993186656297415,-0.605932147465535,1.35849047703356,0.0254360048359371,0.518866093148169,0.939939636951267,1.75649652245949,1.87303760640708
1.13663952249373,-0.352300819688931,-0.293741227502883,-0.416046410630471,0.958716313550992,-0.314764620065059,0.706715393989691,0.882025834699189,1.9442923954607,3.11421691612505
1.22231296951892,-0.108989900211983,-1.22558192093302,-0.370494658152793,1.18263686343065,0.52793824322332,0.328121439439129,1.10604501773404,2.83880375077494,3.00249935233131
1.77768605834803,-0.352663561496382,-0.733338981113255,-0.485319821883001,0.769441746847632,0.62158665495032,0.676486779335114,2.10019501838359,2.20096444143823,4.15450492651418
1.4746616290641,-0.189647679335106,-0.756526854705155,-0.178641113895146,0.892031088872425,0.272703457865995,0.467623417023143,1.0215160642324,1.96244244695271,3.42289586412247
1.41456170132479,-0.172679029056122,-0.462995078084527,-0.121266315381911,0.743529926282809,-0.299935582406208,0.482428948866693,0.813036544877158,2.68385001322461,3.7850916538843
1.60466892806057,-0.525953714789276,-0.918971044519079,-0.302435739122087,0.565809791651342,0.45343868404701,0.752729720183293,0.840121674384321,1.48045333530789,4.36452608527071
1.76271849197257,-0.898403245540131,-1.01566734190337,-0.446899866616028,0.755640964806554,0.54166571502652,0.733730162573977,0.996952374692282,1.5862897395852,3.67121415018162
1.10029845642161,-0.417481424294227,-0.676947718510586,-0.782137490089289,1.07066264828947,0.488412113928241,0.582787818903182,1.33493529409163,2.68550822821923,4.56639747711526
1.58793799744609,-0.712527412138846,-0.897424011679516,-0.180061833462918,1.35830051454831,-0.1896564247347,0.41707754399602,1.35062984415644,1.74168654441831,3.84374501928158
1.36458888501225,-0.329756652109176,-1.08257735192718,-0.296242248178703,0.926869989136498,0.552228649865147,0.696547367909593,1.11117999252529,1.57719689845977,2.88194765221618
1.75870555946619,-0.397775173086053,-0.92898292313959,0.0634583343592357,1.1255906566853,0.41567692450188,0.475603332243679,1.59584050540679,1.80002235472042,2.7756549102396
1.178852352663,0.0190385243402395,-0.319480082676929,-0.29753463760193,1.07925767838408,0.269901356916813,0.805225081412279,0.681843341439404,1.20065021069453,3.19199865849001
1.94074582296063,-0.379191050035912,-0.182558515917924,-0.19940960268782,1.3828877273357,-0.68895046452733,0.445552558648606,1.186569981694,1.63114367773147,3.28220284378669
1.30501080035081,-0.739643584538297,-0.446289828356142,-0.260397668579174,0.711657219842158,-0.0878753876263131,0.635121652010638,1.69137166482043,2.01258295276359,4.18698041705648
1.61071489637207,-0.418644659042158,-0.458948341870158,-0.465903068887306,0.997869974560094,0.159287158503326,0.996630828970154,0.999295636418202,1.94089439948925,2.63963309708012
1.65137379506404,-0.223421429914391,-0.448267686032109,-0.602237592275455,1.41999861295282,-0.171574419371875,0.652089018260334,1.19764571259865,1.38916125428328,2.23156247503424
1.33822308928433,-0.538070034956467,-0.51690577600318,-0.343649831380184,1.16777586143351,-0.056858588125148,0.402837898942321,1.25126084599505,1.48608120983703,3.0460143895953
1.75183811616235,-0.413565341662989,-0.227473482735046,-0.486358485580739,1.50266133786854,-0.425685747063577,0.519465136590435,0.869622419124565,1.6920896927982,3.10514493216387
0.955183817433291,-0.431159762445438,-0.723394632607661,-0.340595612801329,1.00891378785123,0.0398709295229156,0.445753895769973,1.16711100075372,2.26354334075063,5.98099591536168
1.60934771760538,-0.360035689616385,-0.519606080603869,-0.323719301193544,1.22312958011884,0.159573292247582,0.34883672207208,1.97001748650315,1.6569314033029,2.88219085089829
1.67785559733965,-0.426277358292804,-1.07566098282208,0.00895112133373775,0.879160325877396,0.581788726871817,0.331247413095931,1.34922650644916,1.40383739630639,2.58568506310859
1.03726276970791,-0.275304960883531,-0.882329088036511,-0.148658440260089,1.13346621650072,0.183242845985956,0.0926731628848979,1.66210948685574,2.46614572571616,3.54735214605194
1.20801531556854,-0.567260508647782,-1.04501810230045,-0.108430258387766,0.869235470449999,0.126488940106963,0.339476399662845,1.07073385584753,2.83724741634647,3.03628462891958
0.905937394205069,-0.529853769833175,-0.528060504285348,-0.431294596088618,1.03317644648085,-0.291512415272174,0.453603205003311,1.56336209370231,2.34868438186755,2.52820683145442
1.94901440567839,-0.223352314810231,-0.401924387343878,-0.406110488655131,1.36778979498851,-0.412944905312026,0.44700830999681,1.19752651997934,1.76320907694906,3.51127958627339
1.61318598713547,-1.02016291418454,-0.285061544362636,0.103297681165027,1.03440476844965,-0.820289192931138,0.49721138572117,1.25911853272708,1.65193171753725,3.25183420191131
1.67933603894239,-0.33540218388762,-0.674193985135459,-0.417743123359081,1.10270990724228,0.231128675476709,0.608995452887997,1.39308519191183,1.81854079795039,3.14680993643361
1.71195368112793,-0.665781157480687,-0.187742337175235,-0.137586599690538,0.687452783191213,-0.233676851050707,0.685016665745434,1.45680751411471,1.65354335798537,4.82522018472377
1.36150102598369,-0.655101971998296,-0.974284197711672,0.0338067589318375,0.307051343358077,0.553864929422187,0.5583649474263,1.93188790951787,1.24378480246373,4.73533219579801
1.44385722793252,-0.291129066115461,-0.423304122225119,-0.373209240672371,0.549235042337242,0.206557151583063,0.523908606129559,1.84322660260461,2.05053086815034,4.94855424510537
1.15359004078687,0.0665824663776056,-0.599656542490205,-0.589780611192462,1.76950406107355,-0.0327822946506056,0.466854023543406,0.971158134362408,1.55739899271084,2.79766570124576
1.34538753665293,-0.421054768980442,-0.944995550723728,-0.26586039389491,0.816115179410975,0.0467521300601363,0.418469518980214,1.52932368585942,1.50173398618242,3.64243958413197
1.78047147503118,-0.111063909597312,-0.661650262464363,-0.258098438724139,0.882837047703792,0.548121998403414,0.922459221039734,0.873863789104866,2.23275330420715,3.0957268023276
1.36771600951801,-0.449805065699302,-0.783147800504352,-0.451360001969465,0.875582550365793,0.401571681252432,0.95004410861248,1.0886673700446,2.15251763785099,2.94905875537668
1.59669403748142,-0.421456114796367,0.109188173604948,-0.62351581407438,1.1257463270866,-0.402437877768167,1.14874229522017,0.828760384420761,2.1151927898117,3.72887034180147
1.3016915437393,0.141913775598142,-0.328340164854486,-0.746797754248065,1.58601362331535,0.256093507722495,0.891644184413854,1.23724207547653,1.84846499381291,3.79537026827223
1.64470026294944,-0.818492905704464,-0.395819728234402,-0.387421719618807,1.26333884909404,0.280318247775496,0.0121350517559862,1.13773281079857,1.68325880179495,3.20275357117726
2.18515446255704,-0.437715520310175,-0.807289212603318,-0.766054974736393,2.08400352146997,0.235664442390319,0.355500744701378,1.21532936140256,1.51977681248992,1.97104619841166
1.03403923160386,-0.581527788141883,-0.650324445294334,-0.204284140156447,0.43993184548317,0.122772915925607,0.5890126658213,2.00846713780739,2.66288042927509,4.74527330866737
1.3064234539031,-0.417891604271694,-0.704121249108897,-0.393728434839914,0.810160415490933,0.210220553752438,0.414408120342197,1.1933561893885,2.82858148903888,4.75057522803652
1.03936236918129,-0.304662580250797,-0.953834846356128,-0.2051127468404,1.30786611721247,-0.323999289480773,0.215637742435118,2.10432733948598,1.77449446024458,4.10406525352028
1.51988879272651,0.00030631148811286,-0.572569782706538,-0.259966500747333,1.0005014795907,0.114083282764568,0.739857236730816,1.14081481668935,2.30438903362507,3.2869486406994
1.54290526056252,-0.747407360158064,-0.144510346433729,-0.342452189256155,0.53669520442684,-0.144384745320658,0.392014441197205,1.24221745101983,1.7304689195633,3.73563577111969
1.67642378368023,-0.154138127735185,-0.756748787031099,-0.705292981042406,1.49998415238853,0.257020277522878,0.410204925190228,1.3736520033106,1.49970486231713,2.22413906861027
1.43677344883593,-0.0451417696586444,-1.10903741042689,-0.10657585756512,0.828824506767599,0.579340261351883,0.583941837156146,1.27186618112477,2.3423096176507,3.95014994474857
0.783932062320549,-0.353539307209124,-0.209342722723957,-0.180630047952017,0.533687783731439,-0.31767658154696,0.801004496429698,0.895545016752125,2.61180049293416,7.50334522175543
1.66448148879143,-0.332382512057179,-0.444696433617383,-0.362068624825539,1.22598618172485,-0.0128949415602118,0.539684563982401,1.7641729043636,2.08522131316795,2.8299216114053
1.8852757627815,-0.403919135767788,-0.603292776977377,-0.795446460179297,1.55317558612585,0.275739810636333,0.736916911867322,0.946524467707546,1.22948633058757,2.81794392132796
1.40494671995385,-0.282289598594699,-0.251454474263355,-0.188318924094182,1.08107932842824,-0.299526676825768,0.573997553678713,1.64018981619855,1.72204159646345,3.28578285131403
1.06274818485128,-0.514588568164999,-0.50586780578053,-0.21035373432949,1.20909153624738,-0.197858488721187,0.500347570304679,1.33582251411947,1.31480194211747,3.64324243370207
1.7136782183004,-0.154216335196747,-0.728243161681915,-0.493738443307685,1.17875606483093,0.071573106991016,0.648692280495621,1.566824746293,1.88840818066917,3.21202970381828
1.1607546478701,0.0415390736680346,-0.90088317721385,-0.59095530738642,1.38769901476473,0.920608365544256,0.758392019350809,1.01729519243525,1.42164338575834,2.56899111727814
1.12119591644368,-0.278038629008752,-0.539774887232831,0.362411063388062,0.947038393123004,-0.202716368201123,0.280147539185891,1.99141409273323,1.60687341491375,4.93706538831032
1.88538345394601,-0.796611221457348,-0.628246922335163,-0.576396300519852,0.96571980268259,0.434551297716346,0.842168689158909,1.35697531910597,1.79627152070606,2.58962055392989
0.741973073778379,-0.497509050054928,-0.419987359122453,-0.307072638378245,0.842305937384632,-0.0809927901072423,0.310451697472662,0.616013740526163,3.22801053145161,3.18611491073149
1.27958911836326,-0.174205100867539,-1.36516789370199,-0.422989431212299,1.5570894368527,0.478079758788364,0.386585740599878,0.9523771877354,1.52728796269037,2.92477184863558
1.67516973764415,-0.198424824350016,-1.1126609238309,-0.139397255256984,1.82195992741671,0.327665687533705,0.336425868640443,1.17505099050634,1.12573937666658,2.31688556241039
1.48805209961604,-0.909019335352706,-0.201929601809356,-0.254038226937153,0.871402063051902,-0.621636914676816,0.463847255381146,2.15161975194077,1.7977540864062,3.36659248197227
0.950251620241315,-0.496853409826909,-0.811357384049014,-0.384082186208186,1.11514858556659,0.342191933639505,0.38206334758433,1.15911384285064,1.76085466312271,2.97868272716532
1.26182191486573,-0.129777076073841,-0.486780327610391,-0.492211150489268,1.22889796874881,0.388813142129866,0.66447166298775,1.40770559616625,1.7669885955907,3.21883948621162
1.32322561661111,-0.331713416188539,-0.172649755336334,-0.103431357015905,0.606296745789533,0.0615466690048971,0.603679678603314,1.7651857319887,2.02277330539754,2.41989135909575
1.26772024109841,-0.736221180755993,-0.948584102819588,-0.465426407155074,1.05508603249451,0.256022829762409,0.317131457461846,1.44986641991424,1.95180045030893,2.64015300234051
1.11459967163981,0.028521412198662,-0.70813513177496,-0.480525494167249,0.888320257893843,0.51910359055134,0.522009917197565,1.28975701263632,1.99794863279059,3.05253627205213
1.61494218241807,-0.448932437641753,-0.794187872473869,-0.385453459687403,1.30978083505149,-0.0729657026981564,0.529623253153595,0.878504334271964,1.34950935202854,3.14731156702357
1.67831046321026,-0.230744517920261,-0.171664272728452,-0.508550536899008,1.70927720478622,-0.638536810321115,0.0286247692523781,1.19513283330384,1.91377428765418,2.86200666147467
1.32189096574476,-0.428125154145004,-0.142024764489852,-0.147874584878564,0.762224602525046,-0.389874124750983,0.391313934753824,0.885739677770564,1.68887938523487,3.44548022299107
1.26327233066134,-0.736517162580711,-0.347621726915669,-0.178809986882991,0.32102193754647,-0.0263536078086769,0.487653576532427,1.85523522571107,2.1198610526947,3.14536148834383
0.981314658599987,-0.828007014286402,-0.442561574189043,-0.527537592426754,0.531606500806795,-0.079075614848668,0.802539050009549,1.65872220902067,2.18860363043423,2.23575982294539
1.16290714735046,-0.586467359334711,-1.01820229522083,-0.0143015908428185,0.771526452855489,-0.0964701954795822,0.334822971195193,2.02520144534486,2.43347575862338,3.26321931971874
2.61675584817721,-0.484049557628638,-0.226142401526237,-0.750058738932463,1.68183860385517,-0.165791345511565,0.277299515268494,1.15545583334551,1.37003931175434,1.93346187292952
1.34575037099722,-0.378324560332287,-0.828183121146075,-0.37980415824292,1.1728968174883,0.277766497001542,0.627088640671198,1.22958542203645,1.88146526505431,2.82651872027454
0.672456082520774,-0.391779749302555,-0.961331189829847,0.0412694536235468,0.762416323789329,0.412872249005088,0.423693556042389,2.0806089094172,2.52521408043086,2.37847093783074
1.58895997187952,-0.541741763463003,-0.440409919668935,-0.167366380613442,0.839802483644127,-0.0330556645744025,0.417629694966368,1.44746774406785,1.87812976589817,4.33693579120402
1.41705312179837,-0.550950275223043,-0.438510367676337,-0.406894723668798,1.06179081875953,-0.599061021099308,0.634775483804353,1.80163500842823,1.88788710581195,3.93041102388549
1.224697094454,-0.806625144691839,-0.566135869902736,-0.477804326429218,1.01454426142626,-0.442510762380208,0.14959019306196,1.38523153764991,2.51861306866576,3.86372778624774
1.49264643677357,-0.7886701479763,-0.416676395450446,-0.391168128104059,0.72732350304184,0.299703899172809,0.46284126524204,1.04010742681284,1.87740994266618,3.39560503924321
1.55361814531465,-0.48354992408311,-0.300128967589972,0.0274971583126649,0.969655505971786,-0.548655468657196,0.16275731879711,1.77769247841999,1.52019853018171,5.18010336640332
1.70009155085453,0.0376516807160494,-0.540104006181093,-0.238993261207511,1.11604982796615,0.433690896117205,0.469676904870768,1.9395676327496,3.17327402357435,3.23904504089625
1.09706259910446,-0.595492320358435,-0.283788566956538,-0.278168909060525,0.823595955473591,-0.427457866131177,0.30245346819137,1.7082245195946,1.86115003929899,3.74647530148327
1.51463036820561,-0.51305049234627,-0.447320247807701,-0.344788832829113,0.82646800678884,-0.393359257137118,0.648581590573099,1.1200640899023,2.52045174243524,3.07841934605585
2.22943960047268,-0.403782589732167,-0.317028119074845,-0.41670231497433,1.274292157732,0.243595493859661,0.513478160074948,0.913433270469804,2.23815942211616,2.50203028832861
1.13372262090756,-0.89529424365446,0.0380442898895272,-0.219918855786096,0.615451987237567,-0.11184160161219,0.600159046883146,1.94914455295304,2.14249704266736,3.89735372665724
1.15411991599927,-0.798287745974164,-0.8744875267202,0.424013904845097,0.668979531217271,0.0697796226202559,0.0684352826951143,1.57296804335653,1.92796580449394,3.25019615732034
1.48022886079725,0.0544666847932715,-0.572537586788525,-0.418571710531583,1.4525164105175,0.243209163437368,0.431908738665713,1.40912398542913,1.60800570806459,2.42614871716051
0.989251630525397,-0.126403151769754,-0.67266449200147,-0.0344585083426478,0.965387897708546,0.439500240611526,0.105954813889685,2.41384184709328,2.39927431043935,3.30720553638213
1.43769846334206,-0.445558533079131,-0.879626584403437,0.0703815428592728,0.857366727343757,0.261921544703183,0.405993064365693,1.30611516015914,1.64105968345954,3.45088732936089
1.34735264147443,-0.548619470980215,-0.546657251505326,-0.384877052862978,0.899063115665684,0.307016114718154,0.512671131910533,1.18605551500786,2.51145670687984,3.99340547153734
1.607556352265,-0.229259230692088,-0.110292745344235,-0.47002644166325,1.27120596222042,0.292737801052077,0.395717447332555,1.21602953788798,2.11975958354841,2.90929012008756
1.57996506406114,-0.362692991781798,-0.590322486401361,-0.162205053808524,1.25074320701423,-0.18051742680201,0.463617174862384,1.62809398133878,2.44011423796813,4.87812841048064
1.19318630302162,-0.462466048073416,-0.401063030905057,-0.468846279191861,1.00221583490145,0.032271552094244,0.569926119191301,1.32479892124804,2.42749312087944,3.1852728183695
1.05738690526383,-0.521805914377277,-0.478231244436897,-0.419608986801399,1.27267054900631,-0.372196028080659,0.202026618084519,2.03158802426804,1.58713829732016,4.19700436263291
1.52693316277054,-0.84266437743807,-0.662778789378407,-0.288516567883505,0.808272302062003,-0.0465118605671567,0.412787930761661,1.45427762530722,2.01462216541676,4.3359331942007
1.67317101501424,-0.586025003855083,-0.100893224214686,-0.21002139062725,0.786059188109707,0.221539297749566,0.820376560879562,1.71239113261526,2.1571479875499,2.06012889752112
1.22096551841946,-0.386529807084809,-0.606630921892847,-0.173063534596882,0.954960000570456,0.0526777182448508,0.614107699458338,1.06815356347439,1.5418603725408,2.51250170734816
1.42854658302927,-0.190393675255284,-0.315838699781847,-0.323410673000256,1.24166311588064,-0.178507765066642,0.529557388009233,1.14257413746491,1.58820082684525,3.65610127982277
1.63138232284403,-0.791148876546633,-0.75480778815114,-0.552150661466684,1.22128864806836,0.829263833592404,0.550954887512293,1.43933262729066,1.74557364522493,1.94794668401817
1.85918633879273,-0.546087409699776,-0.983134098742968,-0.347841966241281,0.848421405644836,0.635666315092341,0.556693749776583,1.32231344758131,1.87965824305145,3.65882956593832
2.22093085201222,-0.906454356771319,-0.212030152250084,-0.730812654238502,1.26041192407671,0.203593969486425,0.975195116621742,0.958124669903372,1.51188611987437,3.57626764651463
1.53982869456825,-0.692170232002746,-0.163332015088704,-0.722482805863439,1.36850508843874,-0.484240322944602,0.538911546485747,1.58844488228845,1.45546579125674,4.32550135558028
1.09882918890144,-0.162904121511651,-0.883691294633209,-0.519438714150124,1.37521224823046,0.588383901902702,0.816068230578979,0.889870205737314,1.41511014738832,2.16626112251561
1.64499453475404,-0.402113464300627,-0.678166272526001,-0.155050115095013,1.33689616577654,0.0306163308696563,0.61893119179719,1.05092969762168,1.39219765250945,2.75597371346195
1.76598971910527,-0.421347223558613,-0.46211556759726,-0.405880408996144,0.988110376363461,0.31276641607824,0.690365285763434,1.43739464162392,1.57492781480105,3.59092375103396
1.84561873624663,0.198896792733264,-0.928678000926619,-0.322828256162059,1.19303012469607,0.32056871535406,0.465961443451986,1.40669650342953,1.50304182482443,4.53231921037237
1.63931732875625,-0.337510548214771,-1.03766638117685,-0.365341657916492,0.964333626810607,-0.0650612869768347,0.466687353580019,1.26442659668965,3.2371878308221,3.49399948918535
1.7348272467264,-0.803540923528256,-0.270766038396339,-0.271641774222275,0.691291256191013,-0.154097745308157,0.463601494410818,2.05808705619668,1.77959080284468,3.26419172854955
1.40456756612798,-0.173367955922163,-0.0379711618857192,-0.317192971273036,0.941020254168997,0.0472882813490016,0.384523381911528,0.711423496724134,1.7681322067078,4.01740787693268
0.734835156807842,-0.49376821925632,-0.657108507756711,-0.0975500933537964,0.949102468230723,-0.0151992105873216,0.192611490423079,1.22411182754104,2.6032412244229,3.33881104215318
1.56895574815234,-0.576584874023521,-1.03049547128001,-0.0183799037842762,1.07909337121843,0.470757434884351,0.518605392719964,0.996172575033711,1.41537506294809,3.0786064053441
1.15563250731648,-0.647814094985339,-0.445416510980594,-0.382611141158723,1.01832555388501,-0.192552046078536,0.485864420333153,1.27187387029555,1.55687263840524,2.26039228426309
1.42023726469998,-0.39470748336697,-0.967646568540099,-0.540974651269717,1.36697427682669,0.618910719709028,0.587344261787963,1.27102340120782,1.88895381051503,1.58568063527273
1.54065884712189,-0.468990389705088,-0.132984610491305,-0.369853891915261,1.07367862380328,-0.447158669836601,0.371402599321999,1.55736796651636,2.39715875814761,3.36606391598138
1.18897394480253,-0.356676435825251,0.0189980990834981,-0.422533677107207,0.794818396369101,0.0785219826056762,0.660422882013194,0.9247576014123,2.55960334045658,2.53229452582778
1.66114215918078,-0.373946707872755,-1.09281338913878,-0.232295799999499,1.27458380095957,0.205664669539142,0.801159312422042,0.82113128799344,1.17794931664526,3.56705624653615
1.25264455299,-0.588804899913981,-0.245119073761931,-0.405799654543082,1.18079580690213,-0.553153773372334,0.48946746201371,1.95698247595258,1.96950872905535,2.77038808094227
