"z_Smear[1]","z_Smear[2]","z_Mgit[1]","z_Mgit[2]","z_Xpert[1]","z_Xpert[2]"
-5.5126,0.6144,-6.2433,-0.5732,-5.6406,-1.9385
-7.5339,1.4513,-7.524,-0.4872,-7.2024,-1.3917
-7.4077,1.4085,-7.0115,-1e-04,-9.9787,-1.8956
-7.4688,1.1794,-4.7555,-0.6695,-7.289,-2.2018
-8.4018,1.3329,-5.6482,-0.7271,-7.7526,-2.1947
-6.501,0.6989,-4.5488,-1.4368,-6.1398,-2.5211
-5.1476,0.9074,-6.2801,-1.4972,-6.3882,-2.7714
-8.5635,0.6022,-4.6982,-1.5648,-6.7611,-3.0507
-6.2932,1.6341,-4.9002,-0.0527,-7.3644,-0.6435
-6.779,0.8077,-4.3476,-1.0709,-6.3863,-2.4109
-6.5693,0.5502,-5.8868,-0.9743,-5.8736,-3.341
-7.12,0.8602,-6.3155,-1.144,-8.3254,-3.0958
-7.4993,1.3313,-6.6947,-0.4293,-6.9474,-1.2944
-5.1758,0.5374,-7.919,-1.0621,-6.7774,-2.5808
-7.3152,0.8147,-6.7455,-0.5462,-6.3416,-2.3626
-6.5427,0.5817,-6.0885,-1.0139,-5.6448,-1.7009
-7.5026,1.0048,-4.9331,-1.4134,-5.8108,-2.9743
-7.293,0.7455,-7.3909,-0.9741,-5.7876,-2.4052
-7.5006,1.6325,-4.6836,-0.6469,-5.7266,-1.0678
-6.4287,1.3748,-6.9196,-0.3978,-6.3475,-1.7993
-8.8159,0.9136,-5.5674,-0.6992,-9.1476,-1.4039
-5.8902,1.01,-4.9966,-0.3148,-5.4231,-1.1348
-6.8951,0.6404,-4.9758,-0.5028,-6.7546,-2.1435
-8.3093,1.7719,-4.8623,-0.3562,-8.3927,-0.5696
-4.9691,0.9247,-5.7376,-0.3322,-6.7858,-1.9208
-7.35,0.8665,-6.555,-0.8425,-8.59,-1.7863
-7.0851,1.2838,-5.9496,-1.0717,-6.6405,-1.3276
-5.7499,0.9176,-5.2889,-0.8417,-4.6429,-3.293
-7.1895,0.054,-7.8204,-1.1067,-6.3846,-2.5279
-6.8108,1.1917,-5.5549,-0.6998,-6.2919,-1.4358
-8.7143,0.1066,-6.1742,-1.0959,-5.9984,-3.6367
-7.6781,0.7765,-6.3853,-0.7738,-7.3089,-1.5702
-9.9117,0.8546,-5.8856,-0.7842,-6.9497,-1.5702
-7.5892,1.6291,-4.6662,-0.6572,-5.6989,-1.3094
-12.8069,1.7466,-5.9638,-0.021,-5.4526,-1.0264
-7.6337,0.778,-5.4993,-0.8094,-4.8299,-2.3808
-5.6704,0.627,-5.6319,-0.9479,-7.4028,-2.9571
-8.6694,1.2801,-5.6927,-0.9638,-6.7175,-2.6018
-5.9874,0.405,-5.0158,-1.249,-6.0552,-1.7529
-7.1382,1.3972,-6.2148,-0.5393,-5.6646,-0.8552
-6.3287,0.6561,-5.6534,-1.3205,-7.1819,-2.6728
-6.5067,0.4757,-6.659,-1.1594,-7.4633,-1.6882
-7.7376,1.0403,-5.9036,-0.8698,-7.3305,-1.664
-8.9916,1.3047,-9.1637,-0.5077,-7.0092,-2.9521
-8.7595,0.2778,-6.2755,-0.8487,-5.7529,-2.3188
-6.5033,0.6139,-7.6545,-0.5833,-5.5021,-3.2777
-5.1426,1.1349,-4.433,-0.7381,-5.9467,-1.2137
-6.5191,1.2768,-4.7494,-1.4111,-8.1696,-2.1553
-5.8135,1.2538,-4.7864,-0.3515,-7.6006,-2.2225
-5.6511,1.015,-7.3136,-0.5297,-6.429,-1.6733
-8.2496,1.7173,-6.6641,-0.1178,-7.1094,-0.9268
-11.8968,0.9792,-5.3882,-0.6603,-6.003,-1.9032
-5.8977,1.5676,-6.6229,-0.423,-5.6926,-0.8844
-7.4286,0.5332,-5.4739,-1.3196,-6.6485,-3.1233
-6.0581,0.4508,-5.3593,-1.3584,-6.559,-3.0866
-6.84,1.1207,-5.9368,-0.7005,-6.6232,-0.9616
-8.595,1.0195,-5.2744,-0.0892,-8.5828,-1.3298
-10.473,0.5412,-5.5272,-1.0354,-5.6978,-2.2794
-8.9264,0.6924,-6.4203,-1.068,-6.1844,-2.5742
-9.0566,0.6799,-5.0006,-0.9353,-6.0446,-2.2975
-4.8345,0.5054,-5.0102,-1.506,-6.4757,-2.8
-7.5675,1.4847,-5.0705,-0.2037,-6.6112,-1.0749
-6.7861,0.577,-5.6521,-1.7318,-7.3388,-3.0718
-7.4117,1.9507,-6.0807,0.1412,-7.3733,-0.1818
-6.3101,0.4591,-4.7747,-0.6212,-6.7783,-1.9544
-5.3227,0.5366,-5.0144,-1.093,-7.1349,-2.0835
-6.9078,0.2155,-6.5118,-1.4533,-6.0086,-3.4966
-6.9628,1.8156,-6.0608,-0.3531,-5.5303,-1.7456
-8.8503,0.7455,-6.4761,-0.9957,-5.0437,-1.7554
-7.2476,1.0663,-5.4529,-1.1882,-6.8016,-1.5989
-10.0523,0.9809,-5.3977,-1.003,-4.656,-3.2639
-6.5459,0.2284,-6.6422,-1.4555,-4.9196,-1.6562
-5.1729,1.8624,-3.6103,-0.7477,-5.6902,-1.8312
-6.4519,1.1333,-4.7181,-0.2012,-5.7589,-1.0331
-6.7883,0.6552,-8.0492,-1.2136,-6.6723,-3.2197
-4.562,0.8313,-5.5215,-0.9188,-6.2847,-1.5901
-6.3615,1.0697,-5.3764,-0.9351,-6.5113,-1.7279
-9.0693,0.282,-6.3065,-1.1831,-6.5517,-2.5265
-9.1167,0.3612,-4.5123,-1.2621,-5.3181,-2.2679
-6.0561,0.8481,-7.4413,-1.0137,-6.2808,-3.1155
-9.0226,0.4381,-6.0091,-1.6898,-6.1743,-2.8627
-5.9342,0.4834,-4.7582,-1.4531,-6.7989,-2.2704
-6.6763,0.7984,-5.5495,-0.7488,-6.8655,-1.7215
-5.2622,0.5009,-4.8244,-1.2731,-5.4234,-3.6548
-7.6724,1.1117,-4.5311,-0.5921,-5.9539,-2.4814
-4.3175,1.879,-6.3462,0.285,-7.2968,-0.7969
-6.9997,0.3672,-7.1442,-1.632,-7.1322,-3.6636
-7.4278,0.809,-6.7891,-0.7231,-5.6512,-1.5543
-5.918,0.2912,-5.7322,-1.3251,-4.9275,-2.3157
-7.0425,1.4291,-5.3698,-0.5093,-5.9924,-1.4997
-7.7019,0.9269,-5.3363,-1.3568,-6.0228,-3.3219
-8.1885,0.8147,-7.2,-0.7222,-5.9836,-2.0347
-5.7396,1.0542,-6.4428,-0.3649,-8.0363,-1.7065
-9.6134,0.5904,-6.5308,-0.9817,-6.1413,-3.1818
-6.7066,1.6997,-4.2594,-1.3538,-5.3122,-2.049
-6.6599,0.9907,-5.315,-1.2502,-5.9086,-2.258
-7.5504,0.2511,-5.6053,-1.0968,-6.3967,-2.7352
-8.957,0.4796,-6.5496,-1.1771,-5.6962,-2.3851
-7.2743,1.2637,-4.771,-0.3869,-6.8607,-0.6265
-6.3749,0.4723,-7.0715,-0.4298,-6.5802,-1.6088
-6.7135,1.3266,-7.0392,0.061,-5.7355,-0.8274
-6.2773,0.6324,-6.2052,-0.3358,-6.261,-1.2743
-11.3205,1.6599,-4.4776,-0.7665,-6.4616,-3.4182
-8.5868,1.364,-8.2986,-0.2531,-5.7857,-1.5545
-8.211,1.0839,-7.3673,-0.1594,-5.9096,-2.4392
-6.7933,0.2748,-6.4655,-1.7291,-6.9958,-2.7197
-7.5125,0.8063,-5.2231,-1.5881,-6.9881,-2.8272
-5.7404,0.8756,-4.9584,0.0209,-5.075,-1.4597
-7.7112,1.3891,-4.2617,-0.8731,-5.8797,-1.4245
-7.0867,0.7894,-5.6019,-0.9414,-6.0623,-2.0405
-7.3415,1.3134,-6.1733,-0.7153,-9.1209,-1.9824
-8.3612,0.66,-6.9047,-0.9507,-6.2416,-1.9961
-8.0186,1.1421,-6.0032,-1.1016,-5.941,-2.1687
-6.4379,0.8682,-4.2352,-0.8582,-6.3488,-1.5954
-8.1066,0.4508,-6.1593,-1.0653,-5.4818,-2.7744
-5.7907,1.0706,-5.9659,-0.5115,-6.5333,-2.3508
-9.3232,0.7826,-7.3206,-1.3024,-6.9263,-2.0321
-6.1234,1.3702,-4.17,-0.6004,-8.2884,-1.398
-6.6906,0.939,-5.4551,-0.9028,-6.3596,-2.7516
-5.4427,1.082,-6.5664,-1.1164,-6.9527,-3.1449
-8.0122,0.5762,-6.563,-0.7523,-6.7425,-2.1486
-6.6436,0.7075,-6.9392,-1.0285,-6.4521,-3.1126
-6.993,1.4259,-5.9468,-0.4742,-6.9744,-1.5708
-5.3765,1.1842,-5.742,-1.3704,-6.2538,-3.1555
-6.1774,0.6377,-6.8746,-1.5238,-5.3183,-2.7284
-10.4049,1.0366,-7.0406,-0.3409,-6.8244,-2.3511
-5.8876,1.0816,-4.8835,-0.4913,-5.8329,-1.3049
-8.1314,1.1693,-6.241,-0.1436,-7.3426,-0.6987
-6.4697,1.2476,-6.6784,-0.0788,-7.0305,-1.231
-6.5654,1.3417,-4.5167,-0.6202,-6.6132,-1.8131
-8.1755,0.502,-5.3501,-1.6972,-5.6599,-3.0309
-8.4113,0.5138,-7.0058,-0.8148,-6.2507,-3.863
-8.464,0.7805,-8.2949,-0.962,-6.9442,-3.4148
-8.5807,1.2195,-7.4323,-0.3265,-6.6033,-1.3206
-5.8047,0.7773,-4.7682,-0.511,-5.6965,-1.5817
-5.132,0.424,-6.3445,-1.3368,-7.3171,-2.0483
-6.929,1.4187,-5.81,-0.793,-7.7655,-1.8574
-9.3361,1.1664,-5.3154,-0.3863,-5.1489,-1.3769
-6.4689,1.2443,-5.4501,-0.4291,-6.4318,-2.0394
-6.2478,0.6921,-6.8355,-1.3447,-7.0794,-2.3574
-5.6994,0.712,-7.0656,-1.0518,-6.6687,-2.1309
-11.1498,1.1756,-4.6767,-1.0973,-8.1669,-2.0759
-8.3747,1.316,-6.0443,-0.6199,-6.5167,-2.3087
-6.0783,1.2052,-5.3168,-0.5167,-5.8914,-1.0925
-10.0859,1.6257,-5.6795,-0.8471,-7.6729,-2.2892
-8.1674,1.5955,-4.8678,-0.4829,-6.7351,-1.2313
-6.5881,1.2736,-7.4226,-0.4964,-6.8288,-0.7037
-8.4605,0.9198,-6.2521,-1.2432,-6.5672,-2.893
-8.2163,0.709,-5.6694,-1.0723,-6.4252,-2.7074
-6.4366,0.2458,-5.4581,-1.2742,-7.6602,-3.8651
-5.0936,1.488,-6.473,0.0913,-5.4598,-1.0996
-6.9404,0.8755,-6.8628,-0.6349,-5.8272,-2.9128
-8.5699,0.7422,-4.5197,-0.8864,-8.9502,-2.1227
-7.0181,0.4995,-5.5961,-1.6815,-6.4995,-2.4539
-4.8967,1.3993,-4.8461,-0.7257,-5.7782,-1.384
-6.7435,-0.6073,-8.1727,-1.8953,-7.3158,-4.1856
-6.887,0.5355,-8.0512,-1.7503,-6.0375,-2.1749
-4.7574,0.4235,-6.0102,-0.94,-5.6986,-2.3561
-6.3969,0.365,-6.6589,-1.0232,-6.6809,-3.2166
-8.1304,1.1742,-4.5426,0.0682,-6.0768,-0.9506
-6.4601,0.5228,-7.4837,-1.2966,-5.4912,-3.309
-8.6549,0.8001,-5.393,-1.2884,-9.5657,-2.2114
-6.0268,0.4983,-4.7423,-1.2978,-6.6008,-2.2565
-7.7122,-0.055,-4.8315,-1.2982,-5.6612,-3.0922
-8.3211,0.9967,-5.9525,-1.0093,-6.2414,-1.4413
-4.8501,1.4259,-7.5127,-0.2618,-5.6348,-2.2245
-6.5632,0.8036,-5.9547,-0.1803,-6.8627,-1.1503
-7.7029,0.8338,-5.5711,-0.9318,-8.6031,-2.2301
-5.953,0.2137,-5.4075,-2,-5.4087,-3.9614
-8.1226,1.1977,-5.9179,-1.2732,-7.0741,-2.4137
-7.7442,0.5681,-5.4564,-1.5637,-6.6852,-2.9759
-7.0223,1.0588,-4.7499,-0.7586,-6.9489,-1.1452
-8.8436,1.2814,-4.9871,-0.5728,-6.9287,-0.8677
-8.1833,0.2581,-7.8079,-1.6635,-6.3296,-3.0539
-5.8319,0.8426,-5.0329,-0.7074,-7.8618,-1.2949
-8.1305,0.334,-5.968,-1.5902,-6.1095,-4.438
-6.5258,1.5533,-7.3409,-0.6095,-8.2132,-1.6141
-6.3311,1.4223,-7.8915,-0.4489,-5.257,-0.9689
-7.2213,1.3619,-4.6554,-0.7213,-6.6455,-1.9513
-7.725,1.3816,-5.5177,-0.4786,-6.3925,-2.0075
-6.1124,0.8225,-5.2011,-0.1306,-6.6772,-1.2166
-6.3858,0.7517,-7.5311,-0.7471,-7.2021,-3.4816
-9.0255,0.9586,-5.0462,-1.0661,-5.929,-1.7682
-9.1604,0.4779,-7.9975,-0.9421,-6.5702,-2.7524
-8.399,0.8507,-6.6116,-0.9496,-6.4258,-1.8733
-8.9105,0.6266,-6.3198,-1.2136,-5.5512,-2.7494
-6.4834,0.8157,-6.0998,-1.3559,-6.3204,-3.4871
-6.568,0.8378,-5.5496,-0.6376,-5.6413,-1.657
-6.2313,0.9676,-5.4508,-0.6312,-6.181,-1.1304
-7.4389,0.4343,-5.517,-1.1576,-6.8615,-2.7592
-5.2933,0.916,-6.5514,-0.8028,-5.4707,-1.7466
-6.064,1.0002,-6.7261,-0.6927,-7.474,-1.2562
-5.0169,1.9194,-3.8813,-0.8891,-5.5853,-1.1459
-5.0675,0.7479,-7.0076,-0.8465,-6.2009,-2.7419
-6.1436,0.8517,-8.1422,-0.7816,-6.0333,-1.9979
-8.4659,0.5522,-7.442,-1.0243,-5.6449,-2.4612
-5.8234,0.9647,-5.741,-0.7673,-5.5845,-1.4642
-7.3025,0.5935,-5.897,-1.2654,-13.0702,-2.2468
-10.5298,0.7573,-5.3683,-0.7043,-5.4066,-2.5726
-7.7525,1.0598,-6.1272,-1.3248,-5.8718,-2.179
-8.0749,1.1904,-4.7651,-0.6703,-5.6902,-2.3281
-6.1739,1.1441,-5.062,-0.3902,-6.4484,-1.529
-5.4868,0.4254,-6.1419,-0.7988,-7.4836,-2.5144
-8.5124,0.4946,-6.2231,-0.4787,-6.2057,-2.2077
-5.5523,0.7288,-5.8324,-0.4422,-5.6815,-2.8938
-5.9736,1.3197,-6.1326,-0.1186,-5.9743,-1.9651
-8.0501,0.4129,-4.9988,-0.7977,-6.8954,-1.5548
-7.4475,1.5789,-4.6876,-0.6203,-6.7002,-1.8265
-6.0719,1.6924,-5.3214,-0.3001,-6.8855,-1.9638
-7.5254,1.7956,-4.2626,-0.2643,-6.3799,-1.1159
-8.2731,0.4055,-6.1682,-1.5045,-5.9132,-4.1927
-7.388,0.9441,-6.4474,-0.9371,-5.1767,-2.5336
-9.2697,0.3068,-5.4942,-1.4534,-6.0523,-3.1158
-7.3356,1.137,-4.2603,-0.7753,-6.0965,-1.5095
-5.535,0.9415,-4.8113,-0.4932,-6.6327,-1.7075
-9.653,1.6391,-5.4629,-0.52,-7.329,-2.0509
-6.8767,1.2643,-4.366,-0.5031,-7.8563,-3.1344
-7.7733,1.1376,-5.2248,0.0434,-6.375,0.1811
-9.3624,1.039,-6.5967,-0.2505,-9.0369,-2.0293
-8.31,0.8054,-4.2466,-0.8908,-7.5498,-1.467
-4.363,1.8739,-4.0934,-0.1135,-7.6219,-1.1958
-6.1875,0.3784,-6.4718,-0.5567,-6.6461,-2.3893
-7.8212,0.8648,-6.5841,-1.5807,-6.7552,-2.7194
-4.2611,1.5786,-5.6083,-0.5192,-5.8389,-2.3475
-6.6616,0.9543,-7.1875,-0.5748,-5.2175,-1.679
-7.8609,1.52,-5.1825,-0.3804,-7.6723,-1.333
-5.0582,0.7189,-4.6189,-1.8673,-5.381,-2.9292
-8.2254,1.2334,-5.9504,-0.3369,-8.9399,-1.1171
-6.4073,1.6166,-5.2624,-0.346,-5.4629,-1.1576
-7.247,1.6816,-3.8304,-0.0672,-6.9026,-1.2055
-6.7004,0.4121,-5.3655,-1.4283,-5.2956,-3.2519
-5.6653,0.358,-6.531,-1.0246,-7.9383,-1.8929
-9.4366,0.9446,-5.8545,-0.9694,-5.5579,-1.5321
-4.9268,1.4648,-5.5717,-0.2166,-6.1022,-2.0701
-5.6552,1.0095,-6.3253,-0.5226,-5.4126,-1.7333
-6.8645,1.0523,-5.1366,-0.8039,-6.4172,-1.5669
-11.0051,1.4743,-7.8073,-0.7094,-8.7203,-1.6057
-6.4548,0.9486,-4.0518,-1.2906,-6.0569,-1.1727
-6.1382,1.5848,-4.8295,-0.3584,-5.9331,-1.0461
-8.4772,1.0904,-5.0868,-0.548,-5.3784,-1.1665
-8.2645,0.689,-5.553,-1.7096,-7.2374,-2.4383
-5.9787,1.1953,-5.9462,-0.4985,-7.8925,-2.1151
-8.1762,0.316,-5.2245,-1.142,-8.7734,-2.7551
-5.3357,1.2861,-4.3594,-0.7424,-7.6992,-1.4414
-5.9155,0.4962,-6.7203,-1.3147,-6.4749,-2.869
-6.4551,0.8812,-6.4704,-0.9384,-6.4728,-2.6523
-7.6866,0.5624,-5.4576,-1.2663,-6.4951,-2.1078
-6.2917,1.5408,-6.9659,-0.2468,-8.9343,-1.0838
-10.5064,1.3494,-6.6376,-0.5764,-5.5297,-1.0067
-5.0308,0.6935,-6.4059,-0.4702,-5.5352,-1.353
-7.0822,1.0241,-5.5217,-1.0724,-6.3938,-2.3432
-5.3266,0.7051,-6.0214,-0.8053,-7.8263,-2.2548
-8.6439,0.9542,-5.905,-1.1019,-5.317,-2.5006
-6.9793,1.1684,-5.8822,-0.2528,-5.9744,-2.228
-9.6359,0.4725,-4.5216,-0.9731,-5.6786,-2.8289
-6.1637,0.7275,-6.9897,-0.3017,-7.3582,-1.0119
-5.9311,-0.047,-5.5835,-1.3233,-6.4569,-3.1153
-4.3754,0.9313,-4.7386,-0.5658,-6.6251,-1.3062
-7.6945,1.0036,-5.8342,-0.6439,-6.3521,-1.8798
-5.1674,0.7158,-6.0898,-0.1436,-6.4528,-1.43
-7.4842,1.5361,-8.1738,-0.114,-6.3898,-0.5988
-6.2526,0.8051,-5.4707,-1.1437,-6.1404,-2.5105
-8.828,0.653,-4.7537,-1.4151,-6.5359,-2.3018
-8.7859,1.5185,-4.8711,-0.2331,-6.1343,-1.356
-8.4821,1.5918,-4.8668,-1.0093,-7.3519,-0.882
-7.9998,0.6871,-6.8751,-0.6546,-7.9054,-1.3256
-8.549,0.5097,-5.9788,-1.1042,-6.4298,-2.6362
-8.1401,0.2147,-5.8891,-1.419,-6.752,-4.817
-5.8958,1.5579,-5.1001,-0.3744,-6.4688,-0.6564
-6.2685,1.4645,-6.5002,-0.3582,-6.3845,-1.4641
-7.0227,0.4206,-5.1213,-1.6749,-6.6456,-3.2794
-7.484,1.4789,-5.5573,-0.1827,-6.4084,-1.113
-7.0491,0.9414,-8.4862,-0.0438,-5.4477,-1.1792
-9.0185,0.8547,-5.654,-0.535,-5.6045,-1.9944
-7.9816,0.835,-7.134,-1.1596,-7.8904,-3.0142
-7.2931,0.584,-5.8683,-0.967,-6.9805,-2.9846
-7.134,1.1179,-5.9167,-0.3795,-9.0027,-1.661
-9.7353,0.8767,-5.0017,-1.0074,-10.0219,-3.8073
-6.2913,1.2048,-5.086,-0.7792,-6.0652,-1.8298
-5.8328,0.2711,-5.7396,-1.2694,-8.4855,-2.6694
-7.1992,0.7306,-4.4921,-0.7246,-6.0468,-2.0168
-7.5584,0.9062,-7.5232,-0.727,-8.8476,-1.9647
-10.7548,1.0072,-8.2957,-0.1668,-7.3981,-1.3744
-7.6844,1.0597,-7.4327,-1.0229,-10,-3.0653
-6.5818,0.8238,-5.024,-0.9873,-5.914,-1.5123
-7.7461,1.0482,-5.7187,-0.8862,-5.456,-2.2156
-5.3262,1.1909,-6.5724,-0.7357,-7.368,-1.2546
-7.56,0.7031,-4.8504,-0.6257,-6.2674,-1.9536
-6.9894,0.7412,-4.6421,-1.2323,-7.4653,-2.1253
-10.4101,1.3035,-4.4414,-0.6241,-7.8353,-1.0564
-6.9643,0.7694,-7.0448,-0.9562,-6.1676,-1.9787
-5.5734,0.7657,-7.4601,-1.1028,-6.4787,-1.9545
-9.0808,1.5552,-4.1672,-0.5072,-6.0105,-1.8859
-7.4602,1.4065,-4.5171,-1.2744,-5.5382,-1.3608
-7.1879,1.0792,-5.6081,-0.7714,-7.4722,-1.4086
-8.0095,1.0588,-4.7903,-0.6797,-7.3932,-1.3675
-6.9614,0.4938,-6.7153,-0.9058,-7.469,-2.2344
-6.2457,0.7983,-4.8807,-0.4859,-6.3104,-2.014
-8.6056,1.4294,-4.941,-0.4771,-6.3196,-1.6559
-7.2036,1.2275,-5.7017,-1.1056,-6.5393,-2.2693
-5.8362,0.8533,-5.1936,-1.6354,-8.0985,-1.2998
-8.6034,1.8019,-6.1628,-0.249,-6.8015,-1.2024
-9.0968,0.9336,-6.8103,-0.6803,-5.8458,-2.4399
-11.5976,2.0698,-5.2166,0.1767,-7.8338,-0.6533
-5.5519,1.357,-6.1233,-0.7622,-6.676,-2.2824
-4.6773,1.0274,-7.217,-0.1436,-6.4183,-0.939
-8.8841,1.6455,-4.2909,-0.2612,-6.1713,-1.5691
-7.0195,1.7707,-5.865,0.0149,-6.9789,-1.073
-6.5999,1.5367,-5.07,-0.5507,-6.3569,-0.7761
-6.8945,1.1384,-5.9565,-0.2232,-5.9277,-0.951
-4.063,1.1743,-6.0498,0.0881,-6.5319,-0.727
-7.3825,0.8435,-6.3668,-0.637,-5.1136,-2.324
-7.9649,1.4957,-7.4056,-0.5282,-6.5938,-1.3065
-8.2086,1.5078,-4.8542,-0.2924,-6.4186,-1.7732
-6.0454,0.6438,-5.3016,-0.6216,-7.5209,-2.5295
-10.7474,1.138,-4.5899,-0.9639,-5.6353,-1.872
-9.4223,1.446,-5.6695,-0.5083,-6.9504,-2.3614
-6.8656,1.079,-6.4248,-0.6099,-5.9886,-2.1798
-8.4121,1.6863,-5.0028,-0.3286,-6.4992,-1.503
-5.5051,1.2262,-5.5516,0.1058,-7.0768,-2.2871
-9.2177,1.0272,-4.6457,-1.0847,-5.9418,-2.1051
-8.8029,0.6732,-4.9019,-1.8592,-6.6261,-2.8725
-6.8104,0.1791,-6.4166,-1.3366,-6.2686,-3.907
-6.4142,0.9317,-5.511,-1.3319,-6.4957,-4.8489
-6.9804,0.6847,-5.6949,-1.0613,-7.4829,-2.5096
-6.8751,1.2031,-5.3968,-0.2461,-7.0914,-0.8172
-5.8204,0.9697,-5.1717,-1.1417,-6.4847,-2.1259
-5.066,0.6598,-5.9802,-0.3684,-5.9159,-1.7448
-8.9534,0.4038,-7.3297,-1.6354,-7.2008,-2.5366
-7.0414,1.7097,-5.2521,-0.5197,-5.333,-0.6886
-7.3227,0.5606,-6.7029,-0.7846,-7.0354,-3.1706
-7.557,1.3152,-5.1497,-0.6946,-6.3502,-1.8435
-6.8929,0.3361,-5.7237,-1.0032,-5.4502,-2.0256
-7.1215,0.3833,-4.1148,-1.1128,-9.7183,-2.6805
-8.0258,0.8157,-5.7448,-0.4352,-8.7484,-1.7467
-7.8622,1.6212,-4.2435,-0.5204,-6.1169,-1.3381
-6.8872,0.2121,-4.4549,-1.4116,-6.0977,-2.6051
-8.5658,1.2897,-5.7579,-0.661,-5.9755,-1.2599
-7.9591,1.3241,-6.1133,-1.2738,-5.7607,-2.0227
-6.7942,0.3537,-4.8428,-1.1517,-4.9238,-2.5952
-6.5395,0.5352,-6.5112,-0.6332,-5.963,-1.9775
-8.5698,0.5056,-5.3247,-1.0992,-6.2087,-1.8487
-7.5422,1.316,-6.6985,-0.6143,-7.4363,-1.5252
-8.5042,0.9855,-6.8353,-0.5116,-6.6434,-0.7028
-6.5922,1.1031,-4.6141,-0.6301,-6.9306,-0.7949
-5.3475,0.9659,-7.6644,-0.47,-6.674,-1.4277
-5.5647,1.2063,-4.9407,-0.8882,-8.3835,-2.0496
-12.9632,0.1342,-5.9642,-1.9549,-5.8324,-2.8797
-7.4239,1.0536,-6.7881,-0.5328,-5.4997,-2.2406
-7.5998,1.2372,-5.8921,-0.6966,-5.966,-2.1319
-6.2879,0.9895,-5.8686,-0.7633,-6.5431,-1.5541
-9.6902,1.3568,-5.9112,-0.1233,-7.9681,-0.3538
-5.4851,0.9019,-5.4126,-0.8123,-8.0063,-3.4035
-9.1038,1.2513,-5.1527,-0.5699,-6.6783,-2.2687
-11.0784,0.3161,-5.7788,-1.4775,-6.1452,-2.3295
-7.5252,0.6271,-4.265,-1.7428,-5.5379,-2.0516
-8.9453,0.9637,-4.9271,-0.7502,-6.8889,-2.4925
-6.947,1.5497,-4.6853,-0.2514,-5.4288,-1.3492
-9.298,1.4176,-6.0816,-0.7822,-5.8598,-1.1145
-6.8351,0.2957,-5.577,-1.1495,-6.0984,-2.9276
-6.3658,1.1655,-6.7397,-0.4355,-7.6281,-2.8932
-7.1819,0.8716,-8.1916,-1.1058,-6.7768,-1.8842
-6.3855,0.7581,-5.0577,-1.5258,-8.8535,-1.6058
-6.3625,1.1596,-5.3476,-0.4579,-7.8807,-1.2633
-6.3402,1.3051,-5.1496,-0.3265,-6.6937,-0.6517
-5.9695,2.3758,-4.8107,-0.5719,-6.6367,-1.6273
-6.6271,1.202,-6.9355,-0.3248,-5.532,-1.2924
-8.5416,0.93,-5.9038,-0.4536,-6.6715,-1.4938
-8.3081,1.2912,-8.198,-0.3374,-5.6172,-1.6621
-8.358,0.6922,-6.1724,-1.1019,-8.9105,-3.1704
-5.1641,1.5135,-7.6467,-0.5223,-5.8899,-2.8951
-8.6445,0.7084,-5.4576,-0.65,-5.33,-2.2166
-5.5402,0.5815,-5.4843,-0.7902,-6.2261,-1.5728
-5.8584,1.399,-5.9784,-0.3726,-5.809,-1.1364
-5.137,1.1203,-6.4293,-0.5249,-5.9123,-1.4354
-8.0841,-0.0067,-5.3353,-1.2548,-5.5008,-3.0408
-5.3762,1.21,-4.2025,-0.782,-7.518,-4.0673
-7.365,1.471,-4.7348,-0.4262,-5.5904,-1.2867
-6.9208,0.8114,-6.9309,-0.6907,-6.175,-2.8999
-7.6113,0.8573,-4.6795,-0.8729,-6.374,-1.1401
-7.297,1.4804,-6.0913,-0.5354,-5.1307,-1.6732
-6.8338,0.2455,-6.9205,-1.2378,-5.0354,-2.715
-7.3394,0.2513,-6.8177,-2.2093,-6.2371,-3.3016
-8.7188,-0.0802,-5.1726,-2.0385,-7.3189,-2.6213
-7.6309,0.6258,-4.0528,-2.5694,-6.9322,-2.8834
-6.7563,0.9439,-4.3534,-1.2216,-7.195,-1.8019
-9.521,1.755,-6.5833,-0.3214,-6.587,-1.8521
-7.2865,0.7713,-4.9698,-1.0416,-7.0919,-1.8456
-9.3052,0.5209,-8.0918,-0.5926,-7.8104,-3.3854
-7.8496,0.8916,-5.32,-0.2434,-6.8314,-1.474
-9.2093,0.3139,-7.2226,-0.951,-8.2695,-3.5094
-5.6374,0.9424,-6.1201,-1.3136,-5.7598,-2.0667
-7.3046,1.4405,-4.9228,-0.237,-8.0667,-0.4574
-7.9953,0.5885,-7.6958,-0.6849,-5.4104,-2.85
-7.1611,1.1598,-6.2732,-0.2198,-7.1339,-1.5308
-8.9265,0.9894,-3.9712,-0.8578,-6.7772,-2.1587
-7.568,1.262,-5.8693,-0.2179,-5.9028,-1.7758
-6.2343,1.021,-7.8571,-1.2085,-5.4883,-2.7103
-5.8447,0.8363,-5.898,-1.0738,-6.1866,-1.4726
-6.0659,1.2948,-5.0668,-1.1132,-5.4486,-2.1461
-11.967,0.8295,-5.4494,-0.4335,-6.3273,-3.6782
-8.523,-0.0508,-6.0342,-1.5899,-6.4362,-2.9839
-10.2579,0.957,-6.5045,-0.0873,-6.4283,-1.8347
-7.6938,0.7579,-7.3223,-0.9281,-6.4575,-2.2573
-4.8581,0.6817,-6.336,-0.6035,-5.5558,-2.4882
-6.4681,1.5398,-5.3762,-0.7361,-6.4024,-1.8048
-4.2962,-0.0874,-6.2519,-1.5366,-5.4462,-3.4672
-10.4655,1.0163,-5.696,-1.159,-6.0954,-3.6376
-6.4057,1.0397,-5.7849,-0.8015,-7.7243,-1.7426
-8.4919,0.9069,-5.6008,-1.0317,-5.6427,-2.0215
-6.1541,1.5136,-4.6886,-0.4278,-6.0426,-0.9841
-7.3592,0.519,-5.3646,-1.0469,-6.3283,-2.0802
-5.9091,2.2325,-5.122,-0.1941,-5.4337,-0.9533
-6.5018,1.1667,-4.5974,-1.6814,-7.7073,-2.3245
-8.1351,1.5562,-5.2803,-0.1293,-6.4952,-1.5784
-6.7372,1.0739,-5.6505,-0.6227,-4.8985,-1.9123
-4.4862,1.4804,-5.6873,0.1037,-5.5154,-1.1238
-7.5382,1.4597,-5.9377,-0.0135,-8.0243,-0.7411
-8.0327,0.6119,-4.8824,-1.0334,-7.1319,-2.1667
-6.3128,0.905,-5.1857,-0.6896,-6.106,-2.0236
-7.7099,0.728,-7.1021,-1.0008,-5.9306,-1.7759
-6.9562,0.8389,-5.3868,-1.3033,-6.9162,-2.2736
-6.9894,0.8384,-6.5506,-0.7752,-8.1134,-1.8709
-6.5243,0.7403,-6.3295,-0.8259,-6.7365,-1.3105
-6.2506,0.252,-5.3887,-0.9781,-7.9663,-4.3189
-5.6341,1.2024,-5.5877,-0.4257,-7.8969,-1.5923
-8.0912,0.8313,-5.3962,-1.0106,-7.6514,-2.1959
-7.0993,1.1114,-6.9984,-0.3003,-8.1427,-1.6729
-7.4383,0.7383,-5.8827,-0.9656,-6.789,-1.953
-7.3053,0.9992,-5.6896,-1.2301,-7.1569,-3.135
-9.8766,0.3689,-7.0243,-1.2362,-9.4401,-2.5121
-6.9498,0.6087,-9.5807,-0.8975,-5.1854,-4.0702
-5.6882,0.2662,-6.0724,-1.8031,-8.0545,-1.8857
-6.6225,1.7433,-4.6214,-0.697,-6.0053,-0.798
-8.0281,0.683,-5.2775,-1.1354,-6.6286,-2.4245
-6.5317,0.5773,-7.1228,-0.9267,-7.5485,-3.4935
-8.7451,1.1005,-5.8823,-0.9266,-7.1737,-2.0067
-6.4802,0.8377,-5.9097,-0.3067,-6.23,-1.9138
-5.7406,0.4393,-6.4509,-1.6608,-5.5059,-2.6476
-6.4435,0.6003,-5.7004,-0.8885,-6.2776,-2.2596
-10.4928,0.9007,-9.04,-0.8621,-8.1743,-1.4875
-6.478,0.9661,-5.3754,-0.715,-5.1496,-1.4313
-5.8792,1.2785,-5.4721,-1.107,-6.5763,-1.562
-5.735,0.65,-6.0105,-0.7527,-6.8749,-2.1433
-14.8394,0.9275,-5.7325,-1.4855,-8.2715,-1.252
-5.8816,0.9828,-7.2375,-0.9576,-5.1605,-2.0854
-7.2617,0.7614,-6.197,-1.3907,-7.6514,-2.48
-5.8218,0.8481,-6.055,-1.0236,-5.1247,-2.7023
-9.9408,0.9556,-5.8161,-0.7494,-11.5067,-2.585
-7.6042,0.6728,-4.6172,-1.0588,-6.9516,-1.7645
-6.57,0.896,-6.682,-1.3045,-6.6277,-2.966
-9.6963,0.9108,-5.0707,-0.8058,-5.6845,-2.2042
-7.7754,1.1155,-5.7959,-0.7054,-5.8426,-1.6829
-6.9296,0.6604,-9.7149,-1.2076,-6.1687,-1.9733
-8.7376,0.3334,-6.5513,-1.4366,-6.0103,-2.942
-6.9724,0.9615,-5.0491,-1.3005,-7.4772,-1.4343
-8.5214,0.6839,-5.2674,-1.2358,-7.6038,-2.8354
-6.9735,0.1733,-6.3801,-2.2669,-5.5305,-4.0137
-6.8267,0.0577,-5.9609,-0.9754,-7.1354,-3.3717
-7.2024,0.7453,-6.2872,-0.2279,-6.6754,-1.5331
-6.703,1.3372,-7.5539,-0.639,-7.5638,-1.4757
-6.7858,1.8544,-4.7508,-0.3344,-6.3956,-0.9526
-8.735,0.2959,-7.0221,-0.8914,-8.1507,-2.3125
-6.9467,0.9153,-5.0568,-0.5012,-6.2929,-1.7379
-7.4712,1.0426,-5.1715,-0.6913,-6.2895,-1.375
-8.007,1.8614,-4.8274,-0.5909,-5.384,-0.9351
-6.531,1.2611,-5.0209,-0.5517,-6.0061,-1.599
-4.3486,1.7596,-3.9825,-0.3587,-6.0194,-1.6678
-8.3968,0.6101,-5.5499,-0.713,-6.333,-1.1399
-6.6875,1.365,-5.6149,-0.436,-7.0558,-1.2204
-5.1878,1.2765,-4.1225,0.0528,-6.6638,-0.822
-6.0305,0.0957,-6.1324,-0.9413,-6.1874,-2.8465
-8.1045,1.9001,-5.1435,-0.6571,-6.941,-1.4463
-6.6177,1.7103,-4.7514,-1.2427,-6.0203,-1.9425
-8.2075,0.4795,-5.1475,-0.8161,-6.9272,-3.3722
-7.6721,0.2812,-7.2262,-1.1729,-5.9191,-2.5083
-6.6547,1.4186,-5.3351,-0.6275,-6.2652,-0.9283
-11.7122,0.3306,-5.7261,-1.1973,-7.8014,-3.7002
-8.8432,0.6038,-5.8288,-0.6176,-5.6749,-2.3166
-6.0267,1.0548,-5.0011,-1.1242,-6.1682,-1.9856
-5.9133,0.6035,-4.7561,-0.7354,-7.8304,-1.6567
-8.6673,1.5472,-5.1547,-0.3245,-5.4212,-0.9034
-11.6103,1.4385,-4.7398,-0.6348,-7.0034,-1.0857
-7.1115,0.3907,-5.6627,-1.6895,-5.8026,-2.5931
-9.5977,1.5999,-5.5759,-0.2774,-6.6767,-0.7983
-9.8995,0.1506,-6.0565,-0.9298,-5.8468,-3.1757
-6.6574,0.4985,-4.7991,-1.4602,-8.2919,-2.3008
-7.8439,1.2323,-6.3608,-0.4618,-6.7056,-1.5516
-8.9821,0.0263,-6.1984,-1.1749,-6.4721,-2.9522
-8.5015,1.1406,-5.2105,-1.1986,-8.6808,-2.9266
-7.631,1.4827,-4.9462,-0.5489,-6.476,-1.3083
-7.7632,1.899,-5.5052,-0.2721,-4.6054,-0.9186
-7.8696,0.9043,-5.8849,-0.7217,-6.2474,-2.0897
-8.9448,0.724,-5.9906,-1.3219,-7.3078,-2.7154
-9.2019,0.6787,-5.4457,-1.1813,-5.5308,-2.254
-6.0556,0.5736,-4.4602,-1.589,-7.2513,-2.128
-5.8956,0.8365,-5.1047,-1.284,-5.9321,-3.3949
-6.108,2.2453,-5.0363,-0.145,-6.0884,-0.5622
-10.6499,0.7102,-6.0525,-0.7364,-7.9109,-1.2406
-8.8703,-0.0304,-5.8595,-0.9602,-6.8183,-2.7505
-6.7414,1.3012,-4.9594,-0.5076,-6.3337,-1.5058
-8.635,1.9141,-4.6234,-0.052,-4.9255,-1.3218
-8.2972,1.1443,-5.6506,-0.2084,-6.8112,-0.8744
-4.3941,0.5813,-6.3544,-0.8298,-8.6448,-2.4753
-8.1306,0.5769,-5.6219,-1.0967,-6.0543,-2.1031
-7.5478,1.0153,-7.5417,-0.7032,-5.5775,-1.9013
-8.3948,1.4134,-4.4827,-0.2864,-6.1551,-0.5581
-6.9234,0.9024,-5.9138,-1.1782,-6.5337,-1.7271
-8.0907,0.8668,-6.1657,-0.6823,-5.6723,-2.3043
-7.8432,0.6663,-5.6049,-0.9475,-6.1651,-2.9189
-7.8134,1.8594,-4.9605,-0.6519,-5.0218,-1.0631
-10.4406,0.7056,-5.7424,-1.7305,-6.7228,-2.0973
-8.2002,0.1106,-6.2643,-1.3899,-5.9217,-3.353
-7.2681,1.0342,-5.4017,-0.238,-6.7655,-2.6029
-8.814,-0.0243,-5.5289,-1.649,-8.1851,-3.4289
-5.9881,1.2873,-3.7972,-0.7761,-7.2557,-1.6594
-8.9959,1.4413,-6.4156,-0.6541,-6.2497,-1.1351
-6.3202,0.7939,-6.4252,-1.1155,-7.1231,-1.743
-6.2747,3.0517,-4.9935,0.1096,-5.7996,-0.531
-6.8191,0.4565,-6.5734,-1.1178,-6.1572,-3.418
-5.7346,0.8777,-5.8925,-0.579,-5.948,-1.7373
-7.6387,0.8088,-5.6554,-0.5173,-6.4453,-0.6107
-6.8453,0.8482,-4.9806,-0.8098,-6.2336,-1.9979
-8.4443,1.7021,-6.2454,-0.2381,-11.9827,-1.309
-6.9094,0.7416,-4.5459,-0.309,-7.3901,-1.8165
-8.2594,1.4901,-7.6166,-0.5402,-5.6563,-1.2643
-9.1661,1.1103,-6.6555,-0.5197,-5.9271,-1.6779
-7.0393,0.8341,-6.133,-1.0035,-7.1503,-2.2581
-5.9316,0.6306,-5.997,-1.3764,-7.0356,-3.5481
-6.581,0.7267,-7.057,-1.1827,-6.5072,-3.2927
-7.5754,0.5586,-4.7092,-1.1806,-6.1784,-2.0488
-6.6959,0.5794,-4.1847,-1.3885,-7.3291,-2.7598
-8.6105,0.6581,-5.9989,-0.547,-6.5225,-1.8896
-7.6503,1.4659,-6.2287,-0.4304,-4.8451,-2.4336
-4.6258,1.0728,-6.0725,-0.4239,-6.7307,-2.2488
-7.4584,0.5905,-6.5077,-0.7101,-6.7845,-2.268
-6.781,0.4309,-6.5957,-1.2423,-7.5235,-1.8959
-6.9628,0.7924,-6.7715,-0.8525,-5.5547,-1.8583
-13.2706,0.6347,-5.914,-0.6069,-7.7513,-2.2541
-8.7777,0.6884,-6.8794,-0.8297,-8.3879,-2.69
-6.316,0.3261,-6.3804,-1.3854,-6.6275,-1.6197
-9.1944,0.8579,-6.7336,-1.1174,-6.1255,-1.3757
-6.6396,1.2971,-4.8461,-0.3994,-5.9738,-1.4052
-10.6614,0.4741,-7.4908,-0.896,-7.4115,-3.2875
-6.5,1.3702,-5.1305,-0.941,-7.3034,-2.3565
-7.9267,0.4952,-7.1302,-1.4728,-5.5204,-2.1819
-10.9108,0.7267,-5.3751,-1.2979,-7.1135,-1.9448
-6.4398,0.4074,-7.7827,-0.71,-6.34,-3.1071
-7.0249,1.7842,-5.7692,-0.6242,-6.1511,-1.0464
-4.6886,0.9637,-4.8774,-1.2864,-6.0851,-1.665
-8.3775,0.7074,-5.2438,-1.0132,-5.428,-2.3887
-6.9845,0.8548,-6.324,-0.9412,-5.7424,-2.4404
-6.8902,0.1783,-4.4993,-1.1049,-5.8218,-1.6498
-7.9999,0.0448,-5.3323,-0.8295,-7.3944,-1.4823
-4.512,0.4582,-7.614,-0.8222,-7.6007,-2.9837
-5.522,0.311,-6.2368,-1.2898,-5.9558,-1.7245
-6.2766,0.331,-5.3167,-1.5184,-8.0011,-3.7279
-8.2444,0.3822,-6.5168,-0.9221,-8.1617,-3.0479
-8.1383,0.8811,-6.0015,-0.8103,-6.127,-1.7907
-9.3694,0.3687,-8.1874,-1.7475,-6.4871,-3.1061
-8.4824,0.5402,-5.9211,-0.2882,-5.4404,-2.0668
-5.962,0.7555,-5.9562,-1.053,-6.5517,-2.4404
-5.9994,0.8332,-5.6013,-1.8244,-6.8417,-2.5355
-5.5875,0.474,-7.2947,-0.9244,-8.7313,-2.3667
-5.5482,0.7236,-5.3903,-0.4917,-7.8234,-2.0063
-6.8745,0.6831,-6.5209,-1.6084,-7.2274,-1.6814
-6.6215,1.0503,-7.6251,-0.3362,-5.4965,-2.371
-6.5023,0.2893,-6.1557,-1.3054,-7.5279,-1.9648
-9.5645,1.6413,-4.4587,-0.4219,-6.6209,-1.5501
-6.3323,1.1136,-4.6037,-0.7855,-6.1229,-1.4772
-9.8234,0.5712,-5.481,-1.1662,-5.0052,-2.9687
-5.7929,-0.0413,-5.5441,-2.4019,-6.3542,-3.3789
-7.7027,1.1294,-6.5199,-0.2248,-5.4092,-1.1934
-8.014,1.4801,-4.2983,-0.6167,-5.5574,-1.4689
-6.8658,0.8977,-6.6466,-0.727,-8.7806,-1.8593
-6.849,1.7088,-5.6804,-0.5834,-7.067,-1.6451
-5.0354,0.4421,-5.8194,-0.917,-8.0154,-1.6186
-6.6293,1.2291,-5.9931,-0.4244,-6.4854,-1.6009
-5.7808,2.0995,-4.2353,-0.8665,-6.8242,-1.8544
-10.2592,2.4412,-4.6727,0.0749,-6.4783,-0.9319
-8.2805,1.6781,-8.5319,-0.8469,-6.2007,-1.4386
-6.4853,1.4105,-6.2052,-0.3285,-7.6571,-2.5646
-8.5532,0.5286,-6.4684,-0.6173,-8.3392,-2.0205
-7.7052,0.9598,-6.6491,-0.6965,-7.2487,-2.0535
-6.4953,0.2261,-4.5932,-1.3302,-6.4384,-2.5343
-7.8343,0.2699,-5.4129,-0.8675,-8.1174,-2.8779
-7.1879,0.954,-5.8715,-0.6747,-7.5192,-1.5742
-8.556,0.9098,-5.4355,-0.625,-6.1613,-2.8438
-7.497,0.8536,-4.9931,-0.6828,-7.9046,-1.4795
-7.0569,0.6762,-4.3562,-1.0623,-6.6251,-3.2513
-8.7637,0.1692,-5.9718,-1.154,-5.9971,-2.9741
-5.343,0.8246,-6.3476,-0.7673,-5.1709,-1.967
-6.9172,-0.0108,-7.7429,-1.304,-6.1861,-2.4818
-7.9604,1.1864,-5.619,-0.6753,-6.2925,-2.1906
-7.4617,1.3253,-5.6148,-0.2892,-7.4122,-1.6822
-6.381,0.6894,-5.7461,-0.3148,-6.4441,-2.5197
-6.1029,1.066,-4.7776,-1.5075,-6.8645,-1.9848
-6.6084,0.7031,-6.3931,-0.765,-7.8956,-1.8464
-6.0447,0.9451,-6.5044,-0.8668,-6.8384,-1.7291
-6.9721,1.6555,-4.6573,-0.6701,-6.6586,-1.611
-7.3671,0.7151,-5.4696,-0.498,-6.98,-1.6071
-9.9426,1.533,-4.2269,-0.6472,-6.3315,-1.8767
-6.9065,-0.1126,-6.8265,-1.395,-5.5013,-3.3577
-10.9379,1.1988,-4.4313,-1.3342,-6.5887,-2.5655
-8.1262,0.9781,-7.281,-1.2457,-6.9085,-1.6391
-5.8889,0.6495,-6.2082,-0.9212,-7.2621,-1.7818
-6.8514,0.6723,-4.8335,-0.6348,-5.9212,-1.772
-10.344,1.6583,-4.61,-0.1291,-6.3082,-0.933
-6.7743,0.7661,-4.5942,-0.3215,-4.9892,-1.534
-6.7223,0.494,-5.6797,-1.0785,-6.0197,-3.5922
-7.5198,1.586,-6.6929,-0.821,-5.7047,-1.7094
-6.2347,0.8956,-7.055,-0.4635,-6.0573,-1.9966
-8.9136,0.1346,-5.4742,-1.8458,-6.8105,-2.8091
-8.4333,0.5212,-5.7885,-0.8662,-6.8986,-3.3023
-6.7937,1.5837,-6.6746,-0.1382,-6.1,-0.7612
-9.9168,1.3728,-5.7152,0.1654,-6.8857,-0.7374
-7.4985,1.3876,-4.4974,-0.6019,-7.8007,-1.5224
-8.2866,1.3971,-5.7241,-0.2944,-5.8274,-1.9778
-5.8736,0.9442,-5.4191,-1.0098,-6.7573,-2.7416
-8.1286,1.092,-8.1552,-1.075,-5.5813,-1.9519
-7.2198,1.3414,-6.604,0.466,-8.8182,-0.0432
-8.6093,0.7578,-4.9417,-1.3327,-5.3991,-1.7143
-9.9154,1.1074,-5.7962,-1.2079,-6.3298,-2.7002
-6.1027,1.1072,-7.441,-0.7523,-9.6352,-1.6986
-12.6946,1.3427,-5.5419,-1.3823,-6.4715,-2.1936
-6.9984,0.9108,-4.7661,-1.0403,-5.5949,-2.7948
-9.052,1.4334,-4.528,-0.3218,-5.4596,-1.7205
-5.8126,0.5511,-6.173,-1.2575,-5.7808,-2.9825
-7.1312,0.6567,-4.443,-0.7631,-5.769,-1.8957
-7.0277,0.5594,-5.4638,-1.1529,-8.3462,-4.1402
-5.6339,0.3153,-5.3337,-1.4766,-5.0785,-2.071
-8.4673,0.6409,-6.4579,-1.212,-6.5507,-1.923
-5.2879,1.2437,-7.7332,-0.0799,-6.0786,-1.2503
-7.8162,1.1198,-5.8242,-1.1291,-6.3695,-0.7636
-5.3499,0.9735,-4.3918,-1.1106,-7.0951,-1.6236
-8.7634,1.4762,-4.6099,-0.3064,-7.9143,-1.1192
-6.0364,0.6678,-6.9604,-0.7799,-6.6172,-2.1436
-6.4746,0.8579,-6.8971,-0.8095,-5.4289,-3.9828
-8.0458,0.4915,-6.7047,-0.7377,-7.3802,-1.593
-9.6988,0.4626,-6.6429,-0.7827,-6.315,-1.9031
-5.6282,1.7699,-5.8199,-0.3149,-6.8952,-1.1877
-7.5352,0.0428,-5.3345,-1.1596,-9.2281,-2.5981
-5.9293,0.2559,-5.4687,-1.1131,-6.456,-1.8835
-3.1149,1.7924,-4.2481,-0.5438,-5.9275,-1.1386
-9.0253,0.5991,-7.2249,-0.9019,-6.6879,-1.5038
-6.7875,0.7022,-4.554,-1.077,-6.9664,-2.1644
-6.0733,0.4571,-6.3655,-1.1577,-5.7372,-2.5479
-6.8659,0.8609,-6.1987,-0.7657,-6.8255,-1.6155
-9.3674,0.7278,-6.9673,-0.4232,-5.9692,-1.3091
-7.7137,1.2121,-6.307,-0.6945,-4.9428,-1.7747
-6.2014,-0.1295,-5.5806,-1.5259,-5.1679,-2.8158
-8.4135,1.1076,-4.7395,-0.4581,-5.6028,-1.6796
-7.0245,1.1509,-5.7684,-0.7269,-5.893,-1.2293
-11.0688,1.3257,-5.1663,-0.5066,-5.7359,-1.4069
-6.1169,1.0939,-4.3626,-1.3087,-5.2936,-2.705
-8.5118,1.6204,-5.1412,-0.5349,-6.6809,-1.6768
-8.6519,1.4867,-6.0332,-0.1902,-8.3489,-1.1983
-18.1505,1.0502,-4.2741,-0.6676,-6.0862,-2.0795
-6.1789,1.3459,-5.0229,-0.5075,-5.3311,-1.735
-8.3525,1.5573,-6.2906,-0.2655,-5.9903,-0.3123
-8.0689,1.2627,-5.2612,-0.5929,-7.5457,-1.0381
-7.7999,1.2326,-7.5128,-0.5185,-6.0956,-2.0977
-6.5909,0.496,-7.2671,-0.7887,-4.9435,-2.339
-9.5471,1.1095,-5.7759,-0.7633,-6.057,-3.0737
-7.5194,1.0197,-5.7024,-0.6915,-6.6651,-1.2678
-7.5875,0.6166,-6.8653,-1.0963,-6.8008,-3.022
-9.2548,0.853,-5.2753,-0.5912,-5.7298,-2.4065
-6.9616,0.9433,-7.1054,-1.1061,-5.9395,-2.9793
-7.4324,-0.1174,-5.4252,-1.5792,-5.8809,-3.2568
-6.7518,-0.1573,-6.2263,-1.9894,-5.5959,-2.6255
-4.9079,0.8102,-6.116,-1.0657,-7.1919,-1.9297
-6.361,1.1975,-4.3573,-0.6278,-6.3536,-0.9849
-9.8955,1.2169,-5.139,-0.4727,-7.2824,-1.109
-8.583,1.5698,-6.6654,-0.3467,-6.4137,-1.6417
-6.9251,1.354,-6.5095,-0.8803,-6.0106,-1.8644
-7.1773,1.5919,-5.947,-0.6699,-8.9514,-1.5255
-7.7077,1.2038,-6.0355,-0.2247,-7.7768,-1.2387
-7.3926,0.9984,-5.0821,-1.6971,-8.141,-1.4144
-7.6155,1.4007,-4.7156,-0.6143,-5.773,-1.6864
-8.2978,0.559,-6.5089,-1.3365,-8.7486,-1.8165
-5.7049,1.4341,-7.2928,-0.2155,-5.6021,-1.212
-7.1047,1.2365,-5.6848,-0.7535,-6.4509,-0.7848
-5.664,0.415,-5.4516,-1.1647,-6.3929,-2.1612
-7.807,1.0839,-6.4399,-0.3654,-7.583,-1.2834
-7.4764,1.6486,-4.2844,-0.5142,-5.6102,-1.2307
-7.3732,1.8405,-5.3259,-1.2738,-6.2605,-2.0693
-5.0635,1.4099,-4.7987,-0.1934,-6.7076,-0.6644
-5.2591,0.5317,-4.942,-1.7478,-6.2872,-2.5873
-6.3369,0.6936,-6.1803,-0.914,-6.9975,-2.4928
-12.5239,2.524,-3.6658,-0.0108,-6.6914,-0.5867
-6.6631,0.5061,-5.5074,-1.0967,-5.8808,-1.3792
-5.1075,0.9386,-4.758,-1.4987,-6.7339,-3.7293
-6.6899,0.4851,-3.8724,-0.9412,-7.2034,-3.3299
-5.8056,1.3562,-4.8047,-0.3971,-7.447,-1.0637
-7.1844,0.0972,-6.4584,-1.2848,-5.5369,-2.6066
-6.5571,1.225,-9.2545,-0.6064,-6.0132,-2.0436
-9.7141,0.9583,-6.1884,-0.2028,-9.3867,-1.0183
-6.4046,1.4108,-4.3534,-0.0944,-6.1446,-1.5859
-4.3288,1.5845,-6.5612,-0.3358,-6.7894,-0.7757
-4.6893,0.9763,-5.0644,-0.464,-7.324,-1.3597
-8.1632,0.5176,-7.1741,-1.395,-6.8605,-1.9282
-7.0393,0.772,-4.797,-0.3468,-6.3684,-1.5858
-6.1292,0.3213,-6.6916,-0.7623,-5.0905,-3.7877
-6.8474,1.2097,-7.5762,-0.7977,-6.6507,-2.8562
-8.4504,0.236,-6.8136,-0.8172,-6.1301,-2.6114
-7.929,0.6595,-8.6019,-0.796,-6.5174,-1.1812
-7.6302,1.0397,-5.7904,-0.751,-5.5322,-1.2648
-8.7296,0.8731,-5.9801,-0.8037,-4.6342,-1.9798
-7.852,1.2645,-4.5721,-0.3667,-6.294,-2.8968
-7.9337,0.9779,-4.3072,-0.5737,-6.269,-1.1825
-8.1971,1.4455,-5.7961,-0.2888,-7.0458,-1.0803
-8.3264,1.6904,-4.6757,-0.3302,-8.3157,-1.5915
-7.6354,1.176,-5.6182,-0.5661,-6.4713,-1.2827
-5.7394,1.728,-6.6846,-0.5389,-6.1633,-1.9102
-10.2777,1.5788,-4.7864,-0.3825,-6.8879,-0.8381
-6.5837,-0.0558,-7.2284,-1.4806,-7.645,-3.6559
-7.577,0.4212,-5.3979,-0.3738,-8.0709,-2.3867
-8.6083,0.963,-3.8301,-0.8266,-7.4337,-2.8559
-8.409,0.6744,-5.8168,-2.154,-5.9417,-2.0106
-8.0018,1.1982,-5.0581,-0.6032,-6.2975,-1.2995
-5.8512,1.4026,-5.515,-0.6848,-5.8758,-1.139
-8.1396,0.9684,-5.3436,-0.7915,-6.4106,-1.3108
-5.7026,0.8681,-6.0638,-0.6753,-7.1065,-0.9508
-7.6671,1.4641,-6.524,-0.6727,-6.3122,-2.3892
-6.3246,1.0092,-5.2303,-1.066,-6.2767,-1.1273
-9.726,0.9559,-5.5767,-0.8927,-7.1829,-3.0159
-10.6222,0.2607,-5.7327,-1.5525,-6.4513,-3.706
-7.0394,2.4096,-4.889,0.0349,-7.563,-1.2208
-5.6574,1.2999,-4.7254,-1.2506,-6.2316,-2.3309
-6.2906,1.681,-5.1396,-1.0868,-7.0074,-1.3265
-7.7211,1.2635,-5.9208,-0.5586,-6.74,-1.1288
-5.5342,1.313,-6.4244,-0.8788,-6.3819,-1.4201
-6.4632,1.0619,-7.2975,-0.8617,-9.9285,-1.618
-4.8775,1.1437,-5.3769,-0.577,-6.8305,-1.3687
-9.6778,0.6944,-6.92,-2.4879,-5.3905,-4.2121
-7.5267,1.4455,-4.7639,-0.345,-7.3298,-1.7385
-7.3602,0.7358,-5.1152,-0.4998,-7.3052,-1.5094
-8.9727,0.3885,-7.5261,-1.2183,-6.4878,-2.7858
-6.3167,0.3712,-4.4721,-1.4674,-6.2004,-2.4981
-6.5931,1.118,-6.4436,-0.948,-5.8422,-1.3027
-7.4339,0.613,-5.2908,-1.5227,-7.1045,-3.1969
-7.642,0.9838,-5.6405,-0.7058,-5.9205,-1.6571
-5.7355,0.2323,-7.6609,-1.7065,-7.0864,-2.6851
-5.2881,0.9239,-4.7485,-0.4306,-7.705,-1.4775
-15.8775,1.2207,-6.2196,-0.5772,-5.6551,-0.9311
-7.8893,0.9932,-5.962,-0.778,-6.2735,-0.9555
-6.929,1.1286,-4.9143,-0.577,-7.4028,-2.721
-8.9155,1.1232,-6.0195,-0.2966,-6.1303,-1.4015
-9.5482,1.3832,-5.9367,-0.5013,-7.9707,-1.742
-5.2359,0.8339,-4.4912,-0.9961,-6.752,-1.2729
-7.4138,0.7196,-5.7716,-0.2674,-7.5804,-2.4128
-9.8661,1.3673,-5.1404,-0.6721,-5.9744,-1.868
-9.9992,0.9643,-6.7771,-0.4091,-6.0622,-1.7815
-5.4096,0.7204,-4.2644,-0.9114,-5.8858,-1.9767
-4.5447,0.7571,-4.4222,-0.9654,-6.1882,-1.4127
-8.8954,0.9874,-5.4361,-1.1169,-6.9799,-2.9035
-5.8433,1.3145,-5.4156,-0.64,-5.1342,-2.1582
-6.9861,1.2211,-5.3342,0.0783,-5.6091,-0.7527
-7.2472,1.3114,-5.8003,-0.5881,-7.6628,-1.4646
-8.6729,0.7697,-7.7033,-1.4789,-7.1695,-2.716
-8.0362,1.1453,-4.4149,-0.1866,-6.1467,-1.6926
-6.9228,1.1729,-7.3417,-0.4573,-6.8943,-1.4607
-8.3853,1.0765,-6.1384,-0.2523,-5.8842,-0.9203
-5.0644,1.1301,-6.3965,-0.682,-7.4871,-1.2374
-8.9867,0.2803,-5.3168,-0.4793,-5.5905,-2.5405
-5.3392,-0.133,-5.557,-2.0679,-6.4448,-3.3841
-6.9215,0.2805,-5.3198,-1.5009,-6.1887,-2.7047
-5.4861,1.7114,-5.1411,0.0425,-6.7284,-1.0769
-7.5621,0.3755,-7.0327,-0.7834,-6.4542,-2.5652
-8.4297,1.3794,-5.0695,-1.0816,-6.1683,-1.3337
-8.6048,2.3834,-5.1491,-0.6675,-6.6005,-0.662
-6.9278,1.4007,-6.3618,0.1458,-5.9607,-0.8547
-5.9631,0.9217,-5.2434,-0.9465,-6.5055,-1.5869
-6.8082,1.088,-4.5874,-1.3093,-6.5651,-1.9041
-5.7142,0.7774,-4.9646,-1.5952,-8.3355,-1.5058
-5.4833,0.8263,-5.7231,-0.656,-6.2928,-2.7685
-8.3898,1.196,-5.7779,0.291,-6.103,-1.7811
-7.7208,0.8858,-6.7894,-0.7157,-6.9666,-2.151
-5.4478,0.2255,-6.1722,-1.1518,-7.0703,-2.6861
-7.3874,0.9096,-5.5414,-1.3263,-6.1358,-2.0057
-6.8547,1.1806,-6.3416,-0.6729,-6.6133,-3.3486
-5.9065,0.6822,-7.2934,-1.0021,-7.1101,-1.5084
-5.9245,1.5038,-4.5535,-0.1089,-6.0397,-2.6906
-8.3451,1.6809,-5.0165,-0.4062,-7.2605,-1.19
-6.1038,0.6996,-5.4218,-1.4527,-8.2457,-2.1516
-6.6183,0.5885,-6.7112,-1.0914,-7.7075,-2.9057
-7.3015,1.2742,-4.5129,-0.9767,-6.0421,-1.9806
-8.5258,0.9814,-6.4993,-0.7815,-7.3963,-1.7896
-5.9354,0.9248,-5.4345,-0.5573,-7.2691,-1.4443
-8.3906,0.2934,-6.3269,-1.1159,-5.707,-2.2037
-5.5281,0.8722,-6.2315,-0.6151,-9.7726,-2.5747
-9.0331,1.3267,-5.9515,-1.0539,-5.8764,-2.5633
-5.135,1.0819,-4.2431,-1.058,-7.0294,-1.7134
-7.2092,1.0565,-6.6754,-0.4659,-5.6804,-2.4518
-5.9844,0.8887,-5.0782,-1.4167,-6.9578,-2.2383
-5.355,0.7956,-6.4803,-1.3314,-7.4083,-2.5621
-10.3772,0.42,-6.3387,-0.549,-8.6603,-2.9249
-7.1313,1.5375,-4.3569,0.0852,-6.0201,-0.9872
-9.0321,1.4006,-5.8174,-0.2013,-7.0894,-0.6874
-8.1444,0.2937,-5.2582,-1.2234,-7.3012,-2.1984
-7.1869,0.9155,-6.8316,-0.6023,-6.4733,-1.6986
-8.5753,1.3745,-5.6465,0.12,-6.714,-1.4215
-7.2303,1.2287,-4.8164,-0.6992,-5.8452,-1.9457
-6.9383,1.1433,-5.1926,-0.6809,-7.2772,-2.0122
-6.3472,0.7603,-5.1253,-1.2816,-8.8393,-2.2666
-6.2028,1.2582,-6.0631,-1.1127,-5.8777,-2.1036
-8.8198,1.2738,-6.5441,-0.2306,-8.2663,-1.051
-9.1914,1.9184,-5.2043,-0.4034,-6.3586,-0.5149
-9.2712,0.6651,-4.6642,-1.1794,-8.0894,-1.4576
-7.24,1.1353,-5.6811,-0.4239,-5.8219,-2.2959
-6.3385,0.3771,-8.1621,-1.6611,-6.863,-1.7207
-5.8747,1.0652,-6.5829,-0.1071,-9.4339,-1.1109
-9.1137,0.6828,-4.8151,-1.3872,-7.2916,-2.2599
-7.6187,0.6086,-5.0448,-0.7501,-5.5414,-1.6809
-9.9611,-0.0101,-4.4981,-1.7001,-8.1802,-3.2761
-5.5555,0.9419,-4.7998,-0.8772,-5.7332,-2.7577
-4.6426,1.2465,-6.6964,-0.665,-8.2544,-2.058
-6.8265,0.6371,-5.2698,-0.7356,-6.4048,-1.6143
-10.5025,1.7154,-4.4118,-0.6337,-7.7006,-0.9941
-11.3119,1.0877,-6.4203,-0.6849,-9.9621,-1.8231
-7.7662,0.9169,-5.1205,-0.9566,-6.3715,-2.239
-5.7315,1.2544,-4.89,-1.0263,-5.8889,-1.6257
-7.3504,0.8975,-4.3112,-0.4747,-5.6712,-2.1602
-6.2783,0.4287,-5.4155,-2.4635,-6.8701,-2.5809
-6.7686,0.266,-4.7787,-1.5202,-7.4923,-3.3517
-5.7649,0.7039,-6.4526,-0.6619,-7.5208,-2.1891
-5.0364,1.4565,-5.2963,-0.4701,-6.096,-1.7473
-6.34,0.8601,-5.7022,-0.9147,-6.0581,-1.9839
-6.1373,0.8819,-4.4255,-0.7148,-5.3122,-1.8385
-7.8296,0.3624,-5.6101,-0.7596,-6.3812,-2.2633
-8.2995,0.5198,-5.952,-1.2609,-5.6999,-2.1593
-9.8967,1.2165,-5.0081,-0.0985,-7.3708,-1.5956
-6.7803,1.238,-6.1415,-0.7924,-5.3128,-3.5773
-10.7907,0.7452,-6.4772,-0.743,-6.588,-3.0183
-7.2888,0.4202,-4.6497,-2.0121,-6.8253,-3.0321
-8.1719,1.1925,-6.6453,-0.5706,-5.8036,-2.43
-7.1475,0.7508,-7.5857,-0.9682,-5.3931,-2.1736
-4.3969,0.5834,-5.8475,-0.9239,-5.4833,-1.8117
-5.8384,1.4851,-5.6005,0.1164,-7.3122,-0.5834
-6.6529,1.1338,-6.0507,-1.0131,-8.1622,-1.8783
-6.9519,0.407,-6.4477,-1.3171,-7.6529,-4.1779
-7.1566,1.9651,-4.3528,0.1651,-6.4644,-0.7984
-5.5376,0.7071,-4.6651,-0.7903,-9.1294,-1.3696
-10.5426,0.959,-7.2863,-0.6665,-10.1357,-1.1328
-8.1681,0.7878,-7.0474,-0.8693,-7.1486,-2.4392
-8.1625,0.8723,-4.8517,-1.0072,-5.7511,-1.6164
-5.8064,1.2081,-6.5234,-0.7794,-7.9187,-1.8077
-6.799,1.0818,-4.6499,-1.4653,-5.7191,-1.8939
-6.6045,2.0894,-5.7759,0.0053,-5.7987,-1.5594
-6.6793,1.5095,-5.2667,-0.84,-5.4805,-0.8981
-8.054,1.665,-5.643,-0.7173,-5.5072,-1.6767
-5.6475,0.5968,-5.4977,-1.0155,-8.0374,-3.4255
-6.4542,0.7207,-5.0247,-0.9693,-7.245,-1.9613
-7.4243,1.1521,-5.3568,-0.2645,-6.8334,-1.0993
-8.9027,0.7558,-5.1557,-0.6416,-5.8648,-1.3245
-9.1201,1.3306,-6.0353,-0.4642,-7.8375,-1.7391
-8.8302,1.1254,-7.1501,-0.5238,-6.6562,-2.3031
-6.5275,1.081,-6.4601,-0.4103,-6.5246,-1.9791
-6.389,0.8483,-6.283,-0.5618,-7.2052,-1.1131
-5.1352,0.7701,-6.8471,-0.1486,-6.0947,-2.2642
-6.8984,0.8921,-5.4972,-1.0067,-5.2494,-1.0352
-7.1286,0.1565,-5.8135,-0.9158,-8.4778,-3.0094
-9.0271,1.2562,-6.2533,-0.6897,-6.2745,-1.4849
-7.753,0.5454,-5.0116,-0.5759,-6.4242,-1.4482
-5.5913,0.5582,-5.607,-0.6195,-5.7157,-2.3229
-6.6594,0.4914,-5.0071,-1.2011,-8.1614,-2.8546
-4.8607,0.642,-4.6778,-0.8068,-7.6513,-1.9292
-5.3958,1.0844,-6.4414,-0.2572,-6.7392,-1.7735
-8.0199,0.9418,-6.2312,-0.2927,-8.7429,-1.2518
-5.3634,0.6203,-6.0652,-1.4781,-6.2637,-2.052
-10.5105,1.1032,-5.657,-0.3421,-5.6402,-2.1303
-5.9541,0.1834,-4.8196,-1.254,-7.0723,-2.4751
-7.4598,0.8833,-5.0961,-1.0839,-7.2094,-1.1207
-7.3698,0.9853,-6.1185,-0.5205,-6.3585,-2.257
-10.7651,0.3997,-5.3343,-0.9268,-5.1403,-1.8288
-7.1193,0.871,-5.9029,-0.7302,-4.9482,-2.3435
-6.967,1.7638,-6.3008,-1.0725,-5.5593,-2.07
-5.828,0.3538,-4.9874,-0.7398,-6.3303,-2.5896
-7.4393,1.245,-7.3982,-0.2134,-6.1934,-0.9153
-7.4216,0.8291,-6.0132,-0.9062,-6.2826,-2.035
-5.9463,1.5827,-3.8674,-0.7918,-6.5895,-1.5412
-7.6923,0.9501,-6.0165,-0.7604,-6.2733,-2.5216
-9.4652,0.1437,-6.6184,-1.3332,-6.9168,-2.7165
-8.2493,0.9536,-5.4714,-0.8161,-5.1595,-2.1362
-6.4389,0.5949,-4.8787,-1.1421,-5.2989,-2.6971
-6.3771,0.7553,-5.216,0.1097,-7.5262,-0.7696
-7.9168,0.8505,-6.3238,-0.18,-6.0181,-1.3046
-6.8317,0.9037,-5.7183,-0.6628,-8.5013,-1.7366
-7.9201,0.7359,-6.4792,-1.2116,-7.2259,-2.8752
-6.5412,0.6086,-5.744,-1.2193,-6.2038,-1.805
-6.4783,0.9041,-6.1434,-0.6139,-7.68,-2.2871
-7.6257,0.7332,-6.7314,-0.2652,-9.297,-1.297
-7.5367,1.4802,-4.9033,0.0104,-6.4568,-1.1447
-4.8919,1.2976,-6.8412,-0.3564,-7.2908,-1.7806
-7.5481,0.7883,-5.1595,-0.7873,-6.8647,-1.6819
-6.0756,0.8552,-7.9129,-0.5718,-6.4016,-1.7447
-5.8253,1.3228,-4.7075,-0.5719,-6.0683,-1.5307
-7.4532,1.6668,-5.0561,-0.9048,-8.0414,-2.3512
-8.0176,0.5034,-4.4461,-1.3367,-5.4151,-3.1309
-6.6319,0.2896,-5.9537,-1.0963,-5.7946,-2.0991
-6.4526,0.1568,-6.1025,-1.6993,-7.2048,-2.1792
-7.0229,1.6395,-4.8983,-0.1622,-7.9479,-1.0919
-7.9925,0.7023,-5.6005,-0.5426,-5.8899,-1.0004
-10.936,1.3252,-5.1135,-0.8693,-7.4537,-1.5032
-7.3728,0.6183,-6.7797,-1.0921,-5.8688,-2.3883
-7.8808,0.805,-7.5266,-0.8808,-7.5409,-1.9299
-8.5868,0.2966,-6.1836,-1.3864,-6.6268,-3.5382
-6.7467,1.191,-6.4563,-0.6981,-6.3358,-2.4861
-7.646,0.7884,-7.0226,-0.7056,-6.1923,-1.4141
-7.4417,1.2168,-6.162,-0.2489,-6.5005,-0.8755
-8.1505,0.33,-5.758,-1.2321,-6.8001,-2.9189
-6.2379,0.4401,-6.2336,-1.0996,-7.2148,-3.1998
-6.5168,1.56,-5.1967,-0.9006,-7.9723,-1.2783
-6.8676,1.1556,-7.3686,-0.7023,-7.3218,-1.7465
-5.0729,0.4288,-4.8525,-0.8076,-6.8618,-1.5564
-6.7121,0.9121,-5.8918,-0.8344,-12.3103,-2.0535
-7.6528,1.1503,-4.9044,-0.8588,-6.2146,-2.2239
-5.8044,0.7365,-6.9969,-1.121,-6.7256,-2.4974
-5.4312,1.3238,-4.9037,-0.4844,-6.5265,-1.2075
-9.7099,0.5427,-5.9995,-1.1186,-7.2325,-2.5136
-6.065,1.1828,-4.8735,-0.7743,-6.8874,-3.0938
-6.7967,0.8515,-7.7532,-0.6345,-6.3929,-1.8059
-5.4498,0.5873,-6.2292,-0.7139,-6.1852,-2.4721
-10.0305,0.2003,-7.064,-1.3796,-6.7951,-3.7638
-8.7661,2.1294,-4.6703,-0.4694,-6.6034,-0.3475
-7.1875,1.1304,-7.5151,-0.3512,-5.32,-1.8557
-7.4179,1.237,-4.1846,-0.8959,-6.0913,-2.3213
-7.0879,1.6235,-4.7639,-0.5016,-5.4497,-1.3163
-7.0788,0.3872,-5.3277,-1.6958,-6.5138,-2.0053
-5.9548,1.4616,-6.5612,-0.3979,-6.1594,-2.0683
-6.2437,0.0624,-5.9098,-1.4411,-6.1136,-2.6058
-9.2418,0.7716,-5.8555,-0.723,-5.7333,-1.6752
-5.0306,1.0849,-6.1665,-0.8928,-7.9774,-1.0747
-9.0308,0.45,-6.4732,-0.876,-6.1922,-1.4933
-5.7091,1.851,-4.914,-0.5179,-7.9262,-0.4826
-7.0439,0.569,-6.4061,-0.8863,-7.2447,-2.6224
-10.1369,1.2026,-5.2173,-0.0066,-7.8751,-1.0392
-6.0036,1.0643,-4.2699,-0.8225,-7.2916,-2.1549
-7.2494,1.0875,-6.5168,-0.5588,-7.687,-1.6684
-5.9214,0.8048,-5.5593,-1.024,-5.2862,-1.6991
-7.8235,1.4747,-4.9456,-1.1484,-6.3569,-2.8492
-7.898,0.9209,-5.2654,-0.9273,-7.4861,-1.5129
-8.2293,1.0442,-5.5116,-0.657,-7.2187,-1.9254
-5.5679,1.1475,-7.9482,-0.6579,-7.6444,-2.5895
-6.2027,1.1682,-5.153,-1.2463,-7.9019,-2.2454
-7.5836,1.2797,-5.3522,-0.1191,-6.5591,-0.8247
-6.693,0.8131,-4.5214,-0.8697,-8.2391,-1.6317
-4.454,1.3876,-5.3031,-0.3907,-6.9536,-0.5791
-6.3494,1.2056,-5.2081,-0.7525,-6.8265,-2.0236
-8.2773,0.758,-4.9475,-0.5874,-5.4989,-1.9226
-6.0655,-0.102,-4.4951,-1.9077,-5.2998,-2.2311
-11.0509,1.531,-5.472,-0.166,-5.8948,-0.883
-8.006,0.7851,-4.7321,-1.3728,-6.5551,-2.161
-5.4387,0.3308,-4.775,-1.7961,-8.5664,-2.4851
-8.0426,0.7624,-6.129,-1.138,-6.3739,-1.8818
-7.5681,0.7076,-4.8446,-1.1504,-7.2106,-2.2387
-8.1719,0.562,-4.9066,-0.9409,-6.0741,-2.7749
-5.497,0.571,-5.188,-0.7919,-7.4025,-3.6865
-12.0011,0.7248,-7.7134,-0.7969,-4.9374,-3.4034
-6.2059,1.9921,-4.2486,-0.652,-6.4792,-0.9871
-6.5162,0.9473,-4.9114,-0.6858,-5.7544,-2.1248
-9.216,1.569,-4.6191,-0.1378,-6.5115,-0.8016
-7.132,0.2368,-7.03,-0.6696,-7.2023,-2.3701
-6.5756,1.0345,-6.6212,-1.0908,-6.7313,-2.1789
-6.9664,0.9068,-6.1896,-0.6912,-5.5026,-1.935
-8.1514,1.4749,-6.5737,-0.2271,-5.4439,-1.9244
-7.0321,0.97,-6.5555,-0.7572,-7.9881,-1.5939
-9.608,1.8113,-4.5729,-0.3924,-7.2478,-0.4667
-6.3326,0.7833,-6.0018,-0.5792,-5.166,-1.7344
-5.1861,0.9121,-4.1348,-1.7278,-5.9461,-1.6867
-8.3167,0.737,-5.7648,-0.5748,-5.2933,-2.4875
-6.4822,1.0591,-6.4882,-0.5029,-5.1198,-1.412
-5.7012,1.4069,-4.5595,0.4763,-8.2369,-0.2305
-7.2508,0.6398,-5.1657,-0.9769,-7.7255,-2.5797
-6.8699,0.6652,-5.8762,-1.4276,-6.6063,-2.5186
-6.8087,0.3644,-5.7036,-0.728,-7.2662,-2.5988
-5.7589,1.4997,-4.7247,-0.1319,-7.5777,-1.7974
-9.5536,2.4865,-4.7251,-0.4827,-6.4318,-0.8648
-8.5343,0.4804,-6.2164,-1.0343,-6.1912,-3.1071
-9.1442,1.3318,-4.7832,-0.652,-7.4065,-1.7194
-5.69,0.6632,-5.9697,-0.7088,-6.0801,-1.8651
-11.258,0.0302,-5.135,-1.26,-5.4446,-3.1997
-8.472,0.7511,-5.9667,-1.2835,-7.0015,-2.2948
-9.5086,1.5845,-5.2389,-0.9065,-6.0839,-1.0736
-6.4214,1.7959,-6.4994,-0.1859,-6.4589,-0.4189
-6.9421,0.2064,-4.9675,-0.981,-7.0574,-1.9193
-6.7626,1.4292,-6.3422,-0.4808,-5.8904,-1.5306
-6.5015,0.6177,-4.5239,-0.9959,-7.6548,-2.2255
-7.0107,1.3249,-4.908,-0.4341,-7.7124,-1.6157
-6.8263,0.8087,-5.9731,-1.1098,-7.0604,-3.4514
-11.0503,1.492,-5.1251,-1.3761,-7.0452,-1.0672
-5.5992,1.8824,-4.8328,0.3668,-6.0985,-0.0155
-7.3436,0.9823,-6.2828,-1.1617,-5.8367,-2.4639
-5.9011,0.7154,-5.5587,-0.9834,-6.8812,-1.9181
-6.9581,2.1972,-5.5531,-0.0191,-6.1107,-0.1419
-5.5591,2.8457,-4.1041,-0.5424,-5.7781,-0.3367
-5.6092,0.5832,-5.1144,-1.0972,-5.554,-2.467
-7.335,0.9287,-5.3623,-1.157,-6.474,-2.0859
-8.4947,1.2146,-7.4304,-0.5687,-5.538,-1.2878
-5.8122,1.1355,-4.9394,-0.6834,-7.0372,-1.4378
-7.3645,0.8397,-4.7371,-0.5095,-7.0825,-1.0819
-7.1716,1.5293,-5.9883,-0.5637,-5.577,-1.247
-6.4499,0.461,-5.8939,-0.924,-5.7512,-3.0129
-7.3756,0.9174,-3.69,-0.5217,-7.4669,-1.3149
-8.4189,1.9509,-3.9435,-0.5799,-6.2242,-1.4518
-8.5367,1.347,-4.8746,-0.8252,-6.9698,-1.439
-7.4022,1.0806,-6.8589,-0.2737,-8.3973,-0.7359
-6.5799,1.5116,-6.2287,-0.2964,-6.0683,-0.9085
-8.2541,0.8187,-4.9966,-0.6075,-7.1907,-1.6626
-6.8767,1.5109,-5.3491,-0.7864,-5.5664,-1.3049
-10.7825,0.8855,-6.705,-0.5465,-6.6456,-1.5267
-8.6946,1.0999,-3.7679,-0.8963,-7.0208,-1.3657
-7.7697,0.9001,-6.3592,-0.4233,-7.9082,-1.8875
-6.4349,0.599,-4.8044,-0.5157,-5.9929,-2.4281
-6.3993,0.2084,-5.5188,-1.0054,-5.4727,-2.2623
-7.3678,1.1419,-5.1463,-0.2918,-6.3907,-2.2124
-8.7271,0.5149,-5.7571,-1.1166,-8.282,-2.6442
-7.8752,1.9375,-4.5234,-0.0827,-5.3716,-2.1896
-9.2042,0.1395,-6.6357,-0.9235,-5.2331,-2.1195
-5.424,1.9065,-4.8318,-0.3243,-5.4573,-1.5253
-8.6355,0.6451,-6.9387,-0.9196,-8.3211,-2.174
-6.0347,1.7539,-6.1032,-0.5003,-7.6311,-1.188
-6.8476,1.0083,-6.3066,-0.345,-6.7747,-1.4735
-8.7703,1.1983,-4.7669,-0.3741,-6.731,-1.9201
-5.4403,0.6313,-6.8176,-1.2702,-5.8411,-2.2495
-9.3408,1.2404,-5.9798,-0.3642,-6.8418,-2.0569
-6.4459,0.7479,-5.6455,-0.7414,-6.7974,-2.1172
-7.7337,1.5514,-8.4631,-0.8349,-6.3881,-1.6115
-8.1375,1.001,-5.9597,-0.6359,-5.7785,-1.6801
-10.4348,0.6745,-5.6897,-0.8512,-6.8646,-2.4814
-5.7394,0.6512,-4.8222,-1.835,-6.0368,-2.8889
-6.6307,1.6584,-4.8231,-0.6755,-6.2879,-2.0526
-7.4493,0.2005,-6.8102,-1.0411,-7.4415,-2.8356
-6.4268,1.6772,-4.6082,-0.6639,-7.2543,-0.4167
-6.8302,0.4956,-6.9914,-0.6246,-6.7214,-2.2763
-5.2818,0.7115,-5.024,-1.1297,-6.5634,-2.3243
-8.1657,0.5396,-5.7783,-0.9658,-7.5985,-2.1626
-7.257,1.4644,-4.5644,-0.7116,-7.1464,-0.4028
-7.3756,0.8475,-4.8624,-0.7056,-6.0964,-3.0158
-7.2073,0.723,-7.4748,-0.9418,-6.9485,-1.7804
-5.4691,1.1793,-4.7812,-1.3467,-6.696,-1.4245
-8.578,0.7368,-6.7076,-0.682,-6.5013,-2.3767
-8.7511,1.1763,-5.1429,-0.7599,-6.8113,-1.7474
-9.17,0.7283,-7.4785,-1.2956,-5.8157,-2.0749
-3.618,1.2309,-4.8709,-1.002,-9.4961,-1.02
-8.4481,1.8043,-4.8124,-0.3813,-5.2273,-0.742
-5.3387,1.8506,-5.0714,-0.3715,-6.9337,-0.3709
-8.3502,1.4439,-5.4705,-0.7325,-5.2855,-0.9867
-5.7244,1.6773,-5.6927,-1.278,-5.962,-0.8135
-9.8677,0.7903,-4.4005,-1.0626,-7.6666,-1.1736
-6.5392,0.4438,-5.747,-1.4267,-5.6024,-3.0604
-6.9219,0.9733,-7.9073,-0.8383,-6.1576,-2.8389
-7.2592,0.568,-5.6464,-0.4681,-7.1005,-2.0425
-6.8479,0.8014,-9.0983,-0.9632,-6.9495,-2.77
-7.4014,0.3179,-6.9546,-0.984,-6.2294,-2.4831
-7.5917,0.6506,-5.3363,-1.0015,-5.6864,-2.7942
-7.9298,0.9686,-5.6103,-0.6501,-6.01,-1.9477
-7.402,-0.0179,-6.7779,-1.4784,-5.8602,-2.5828
-6.6021,0.9958,-5.9273,-0.6635,-6.4483,-2.4466
-7.2773,1.2119,-5.2128,-0.8448,-7.4402,-2.2487
-6.0154,1.1216,-6.7106,-1.0827,-6.4354,-1.2297
-7.2693,1.3319,-4.6825,-0.5021,-6.3578,-2.1327
-14.0822,0.27,-5.3295,-1.859,-6.4636,-2.0887
-7.8815,0.5845,-6.6657,-0.7301,-9.316,-2.6263
-6.5171,0.7421,-5.2075,-0.6337,-6.2613,-2.2477
-7.0328,0.566,-5.907,-1.0553,-5.3684,-3.306
-9.466,1.3221,-4.8415,-0.7996,-5.9286,-1.1218
-5.8461,0.0908,-6.1854,-1.3089,-5.9604,-2.6152
-7.7555,1.1114,-5.999,-0.6186,-5.9698,-2.0767
-5.4492,0.4686,-6.2106,-1.1661,-5.9214,-2.4506
-6.3271,0.4647,-6.0182,-0.7063,-7.2835,-1.9765
-5.4042,0.8778,-6.2562,-0.823,-5.2251,-1.9431
-6.4274,0.5881,-6.5277,-0.7732,-8.9927,-2.2079
-7.884,0.9291,-4.8586,-0.6012,-7.0281,-2.1446
-7.0432,0.8327,-5.0863,-0.8995,-5.7287,-1.4172
-10.8199,1.2916,-5.3982,-0.5574,-7.1136,-1.5724
-7.1092,0.4696,-6.5383,-1.4321,-7.102,-2.6101
-9.4797,1.0509,-7.4768,-0.5224,-8.0038,-2.4773
-6.162,0.8613,-5.6126,-0.8561,-5.762,-2.0696
-9.7843,1.7763,-5.1153,-0.9051,-7.3506,-1.1128
-8.2172,1.4397,-5.0684,-0.2281,-7.9644,-1.4634
-6.7459,1.6921,-4.4619,-0.2676,-5.7357,-0.078
-8.3264,0.8364,-4.9365,-1.1859,-6.7594,-2.8943
-8.8752,0.8345,-5.9801,-1.1617,-6.2225,-3.951
-6.188,1.7398,-5.6419,-0.4661,-7.7774,-0.8753
-9.8372,0.793,-6.8856,-0.5347,-5.8641,-2.841
-6.1607,0.7711,-5.9256,-1.0051,-6.0602,-1.6929
-6.9581,0.7794,-5.6884,-0.89,-6.1654,-2.7462
-5.6892,1.7911,-7.0402,-0.0728,-5.9724,-1.4325
-9.006,0.8465,-5.5734,-0.1845,-5.3551,-0.9908
-6.897,1.1572,-5.0747,-1.4215,-6.0244,-1.315
-6.8215,0.8955,-6.8822,-1.2393,-10.061,-1.9589
-6.6457,0.2971,-6.5527,-1.7687,-6.2837,-3.6855
-6.0303,2.1753,-6.7744,0.036,-6.5101,-1.275
-6.7231,1.4538,-6.1506,-1.0574,-8.3571,-2.5176
-7.9101,0.1296,-4.6521,-1.5239,-5.2842,-3.628
-7.6003,0.1802,-6.2391,-1.0409,-6.075,-2.8049
-9.0684,0.4401,-4.5892,-1.3845,-7.2101,-2.046
-9.4595,0.5583,-6.1853,-1.1813,-8.1295,-2.5108
-8.4294,1.2734,-3.9332,-0.4924,-7.0383,-1.1284
-4.5296,0.3998,-5.4373,-1.4839,-5.6466,-2.802
-8.7382,1.4976,-5.346,-0.9184,-6.2128,-1.404
-6.0893,0.6646,-7.1678,-0.8052,-5.8178,-2.188
-9.9624,0.4882,-6.1242,-1.1336,-6.6154,-2.3278
-5.6658,1.283,-5.513,-0.714,-7.0306,-1.1971
-5.8108,1.6277,-6.6223,-0.6751,-6.4517,-1.3814
-4.8104,1.1347,-7.1796,-0.295,-7.0689,-0.9632
-7.4913,1.0006,-5.847,-0.4926,-6.5597,-1.5711
-8.4596,1.4037,-4.219,-0.5863,-5.6579,-0.8821
-5.9285,1.2749,-5.8943,-0.1537,-7.6448,-2.091
-8.1472,1.0784,-7.3627,-0.2921,-6.9688,-1.8368
-6.1149,0.3013,-5.0314,-1.7133,-5.9398,-2.7998
-6.1775,1.0476,-5.073,-0.6843,-8.6871,-1.6942
-8.173,0.8847,-6.0287,-0.5287,-6.1422,-2.3479
-6.7335,1.3108,-5.5775,-1.2865,-8.5603,-2.793
-10.4351,0.7579,-5.7385,-0.6454,-6.7012,-1.5147
-6.3217,1.1317,-4.1142,-1.0745,-7.7147,-1.5775
-6.8953,2.0011,-4.2091,-0.1208,-6.9071,-1.4904
-8.2608,1.3512,-5.2846,-0.3485,-6.0157,-0.3535
-6.1208,0.4824,-4.8656,-0.9258,-5.5561,-2.3662
-7.3932,0.038,-5.197,-1.3385,-5.1973,-3.1497
-8.0184,1.4314,-5.4262,-0.6899,-7.1489,-1.1286
-7.7686,0.4741,-5.6106,-0.9713,-6.1463,-4.1508
-7.3178,1.6991,-4.4019,-0.2468,-6.1774,-1.8199
-7.992,1.6962,-5.0975,-0.0933,-5.6457,-0.7614
-7.3624,0.9835,-6.3759,-0.5851,-7.2607,-2.2518
-5.6398,0.0314,-7.2356,-1.0952,-7.0605,-3.0998
-6.1627,1.5133,-5.4144,-0.1552,-5.5105,-1.4474
-5.7985,0.997,-5.5156,-0.5038,-7.139,-0.9038
-7.5264,0.9587,-5.77,-0.669,-5.96,-1.3192
-6.6348,1.689,-4.9445,-0.2695,-7.1707,-1.1985
-6.0459,1.7332,-4.4268,-0.5676,-7.0486,-1.6129
-5.7697,0.5252,-5.4234,-1.2289,-6.1469,-2.1163
-5.1123,0.4024,-5.0333,-1.3194,-7.0332,-2.3519
-7.341,0.2577,-6.6734,-1.325,-6.4548,-4.403
-9.0067,0.6856,-4.794,-1.1224,-8.8489,-2.3082
-8.2556,1.2363,-4.7665,-0.4497,-6.3822,-1.2223
-8.1337,1.0523,-6.0485,-0.6249,-5.1281,-3.0681
-7.9827,1.3684,-5.7168,-0.586,-6.0979,-1.066
-6.6045,1.8313,-6.5295,-0.0642,-5.1967,-0.9612
-11.2867,1.5893,-5.0114,0.5277,-6.6871,-0.1877
-8.8103,1.2701,-8.0516,-0.5051,-6.7198,-1.9511
-5.7052,1.3497,-3.8916,-1.4956,-7.6032,-1.4333
-8.5037,-0.0143,-5.5766,-1.4566,-5.9368,-3.2019
-9.4932,0.4533,-6.2656,-1.1453,-5.1767,-3.6325
-5.0487,0.282,-5.7529,-0.9486,-6.7499,-3.3107
-4.9053,0.9615,-5.7533,-1.6402,-7.5321,-3.5676
-9.5923,1.3843,-8.0558,-0.2734,-5.5988,-1.7728
-8.9929,1.0845,-5.4795,-0.5645,-6.7611,-2.4908
-6.8301,1.2049,-5.7089,-0.9032,-5.6325,-2.4178
-8.9371,0.8687,-5.0587,-0.6588,-6.3244,-1.569
-5.624,2.0358,-4.6762,-0.4372,-5.8501,-0.5088
-8.5151,1.5983,-5.2268,-1.9176,-6.7979,-1.6132
-5.5855,0.5476,-4.5153,-1.1167,-12.4531,-2.249
-6.6175,0.6104,-5.7897,-1.3026,-5.9332,-1.7651
-7.865,1.1608,-5.7044,-0.6188,-6.9722,-1.8358
-9.1419,-0.7576,-5.5045,-1.7655,-6.3871,-3.351
-5.7088,0.5426,-6.0103,-1.2846,-6.8403,-2.6766
-6.5264,0.6023,-5.3228,-0.9956,-6.7337,-2.1706
-10.2455,0.6054,-6.105,-1.4548,-6.8692,-2.3231
-7.2582,1.017,-4.9091,-0.302,-6.2645,-1.2761
-5.7278,0.1346,-5.9873,-1.2907,-9.0376,-3.4563
-9.1459,0.9493,-5.3728,-0.3834,-6.3799,-1.5452
-6.2798,0.7489,-5.9606,-1.0911,-6.0818,-2.7842
-6.71,1.1493,-6.6125,-0.4676,-6.9299,-1.8353
-8.2679,1.9572,-5.2325,-0.0958,-5.4803,-2.1079
-9.2792,0.4124,-4.9656,-1.3105,-6.9145,-2.6868
-7.5993,2.0027,-4.873,0.2038,-4.9582,-0.2817
-7.8584,0.7165,-8.4677,-0.7051,-6.8219,-3.0771
-6.9545,1.081,-5.4451,-0.0424,-6.6517,-1.7561
-7.6071,0.7793,-6.0071,-0.9365,-7.7381,-1.4899
-9.4495,0.3517,-5.3714,-1.5626,-6.7671,-1.7459
-6.2259,0.9362,-4.9215,-0.5547,-6.1717,-1.5368
-7.4629,0.2634,-7.3778,-0.9381,-6.4419,-3.6403
-11.1035,1.3961,-7.7238,0.2837,-7.0925,-1.0226
-12.3703,1.7074,-4.8217,-0.1939,-6.0925,-1.16
-4.6209,0.4211,-7.5851,-1.2794,-6.623,-3.0257
-9.7166,0.9321,-4.668,-1.8317,-6.6624,-1.8994
-8.7357,0.6401,-4.738,-1.1009,-7.1104,-2.7638
-9.8532,0.9378,-7.4504,-0.7183,-6.2503,-2.1166
-7.7392,0.971,-6.8169,-0.4997,-4.765,-1.0338
-8.2118,1.4863,-5.0937,-0.6312,-7.9583,-1.527
-7.6166,0.9755,-5.6423,-0.4115,-5.4592,-1.2299
-5.7893,1.2964,-7.0919,-0.4917,-7.9584,-2.1153
-8.4494,2.0093,-5.1517,-0.1926,-6.8131,-0.5254
-11.1183,0.9042,-5.4194,-0.5218,-6.1856,-2.0292
-6.8249,1.2455,-4.2123,-0.028,-6.7896,-1.434
-9.1451,1.3603,-4.3653,-0.8253,-6.6708,-1.3024
-5.4498,1.4527,-5.033,-0.1434,-5.7723,-2.4976
-9.9014,0.9027,-5.5064,-1.2101,-7.0234,-3.021
-6.1489,1.068,-7.4714,-0.3021,-6.007,-2.2855
-5.9088,0.4117,-6.0476,-1.5958,-7.892,-3.2002
-8.7154,1.18,-5.1186,-0.9112,-6.5721,-1.3987
-8.802,0.081,-5.1536,-1.5926,-5.6733,-2.6468
-9.3393,0.9629,-5.6729,-0.6964,-6.3231,-1.7579
-8.6444,1.9458,-3.9043,-0.4531,-5.7037,-2.2622
-7.8673,1.3758,-6.833,0.1544,-7.2837,-1.1573
-7.7719,1.0858,-5.5447,-0.9237,-6.1611,-1.5586
-7.1721,0.3301,-8.0333,-1.5633,-6.4156,-2.7779
-6.2767,1.2606,-5.3919,-0.2193,-6.0376,-1.963
-7.6126,2.5677,-4.0211,-0.2664,-9.8359,-0.8503
-7.2028,1.8322,-5.178,-0.5368,-6.8752,-1.8427
-5.239,1.9243,-4.3,-0.3779,-7.0248,-1.64
-5.8029,1.715,-4.785,-0.3896,-6.6169,-1.1786
-6.1962,0.7202,-6.546,-0.9352,-7.334,-2.7945
-8.5432,0.6758,-4.9839,-1.0641,-5.8227,-2.9126
-8.6741,1.7421,-4.2447,-0.6566,-7.6646,-1.0037
-7.3293,2.0632,-4.7972,0.0142,-6.0794,-1.8338
-8.3359,0.5776,-5.2672,-1.075,-7.1028,-2.8861
-8.5123,1.2623,-6.307,0.2483,-7.5952,-0.8736
-5.3621,0.4247,-5.346,-1.2732,-7.0829,-2.5581
-7.0038,0.5394,-5.6509,-1.5022,-6.0841,-1.4434
-4.7257,1.0699,-4.371,-1.0564,-7.4773,-2.0158
-8.2451,1.0086,-4.2647,-1.1784,-6.3541,-2.9303
-9.498,1.5124,-4.1779,-0.8613,-5.2403,-1.7301
-6.4982,0.3145,-4.5889,-1.0522,-5.5199,-2.3509
-6.5792,0.8383,-8.1056,-1.527,-6.9197,-2.2959
-9.1484,0.2536,-5.5686,-1.4129,-6.832,-3.9269
-6.775,1.1833,-5.3528,-1.675,-7.4373,-2.204
-7.7019,0.8977,-6.5682,-0.4665,-6.236,-1.6555
-8.6793,0.6435,-4.5698,-1.1633,-7.7762,-2.097
-6.7753,1.0752,-5.7878,-0.5976,-7.2148,-2.1516
-7.9343,1.0582,-6.2687,-0.7629,-6.0442,-1.9385
-5.4037,0.5187,-10.3452,-0.8481,-6.8393,-2.4043
-7.5382,1.1866,-7.6921,-0.3897,-6.2953,-1.7446
-7.1554,1.128,-5.36,-0.4386,-8.1249,-1.2676
-6.6727,0.815,-5.3862,-0.6336,-6.9028,-1.5338
-7.0626,0.5349,-5.0348,-1.4258,-6.3828,-2.6327
-6.174,1.3397,-5.4263,-0.562,-7.0549,-1.3375
-8.9358,1.2042,-4.9965,-0.6924,-5.7527,-2.1219
-9.7827,1.3695,-5.2838,-0.4381,-5.7633,-1.2368
-5.8356,0.7876,-6.9836,-1.2666,-6.8235,-2.1795
-8.6928,0.6485,-5.6384,-0.7293,-5.5123,-2.8655
-9.1112,1.5571,-4.7874,-0.2277,-6.3003,-1.1922
-5.2666,0.8846,-5.352,-1.1857,-9.4008,-1.6459
-5.6559,1.2607,-5.115,-0.4742,-6.2429,-1.9722
-7.4797,1.3918,-5.4594,-0.4277,-6.0866,-1.1217
-7.0452,1.6558,-5.4066,-0.3626,-7.3345,-2.0252
-6.8483,0.9477,-5.6952,-0.9243,-5.9122,-3.433
-7.1083,0.3672,-4.8379,-1.2917,-5.8428,-3.6955
-5.8287,0.8433,-4.4016,-2.1359,-6.7342,-2.7076
-7.1995,1.9037,-5.3384,-0.8218,-5.6932,-1.1173
-6.4093,1.1637,-5.0197,-0.7389,-6.6959,-1.6418
-8.2277,1.2686,-5.3433,-0.4719,-6.1583,-1.231
-7.0166,0.5261,-5.8847,-1.2021,-7.2018,-3.2152
-7.431,1.498,-12.1196,-0.2572,-5.9195,-1.4523
-5.569,0.5099,-6.524,-1.2459,-6.4356,-2.4757
-7.5182,0.8221,-4.9136,-0.6385,-5.6368,-1.2132
-7.26,1.4586,-6.982,-0.54,-6.8731,-1.0491
-8.1247,0.6975,-7.7834,-0.9793,-4.7596,-3.8466
-8.9565,0.3785,-6.0639,-0.943,-6.5533,-2.0311
-5.9905,0.7069,-5.016,-0.7064,-5.7387,-2.4046
-8.0662,1.0866,-5.6785,-0.4497,-7.4249,-1.3181
-7.0093,0.8731,-6.7604,-0.5453,-7.8451,-2.5854
-5.5163,0.3406,-5.3727,-1.1292,-6.6739,-2.3895
-7.1501,0.1038,-7.1544,-1.4539,-6.0486,-2.4897
-6.3659,0.8665,-6.0167,-1.0673,-7.7276,-2.4033
-6.6754,1.3098,-5.4147,-0.8535,-5.887,-2.5106
-6.274,0.9586,-5.8326,-0.446,-5.4977,-1.6103
-6.5388,1.9704,-4.5645,-0.2441,-5.6773,0.2133
-7.6393,0.8171,-7.8714,-0.8182,-7.1163,-2.2696
-9.598,1.0982,-5.1588,-0.6697,-6.8718,-2.0597
-8.5655,0.5352,-7.573,-1.4407,-6.8036,-3.2684
-7.4025,-0.028,-6.687,-2.2568,-7.4785,-3.96
-7.3917,1.459,-5.4991,-1.0731,-5.9112,-1.9113
-6.6238,0.9205,-5.9675,-0.754,-7.5433,-2.0875
-8.1012,1.7038,-9.8664,0.0347,-6.9128,-0.4178
-6.1084,0.5314,-4.2658,-1.434,-6.6445,-3.461
-5.9679,0.8832,-6.0746,-0.6193,-6.5004,-2.5317
-6.5662,0.8322,-5.8676,-0.9136,-5.8105,-2.6574
-9.6705,-0.0057,-7.8206,-1.5758,-7.2138,-2.3417
-6.8082,1.4952,-4.2384,-1.1677,-5.3421,-2.0833
-6.9658,1.1643,-6.898,-0.9761,-5.8869,-1.5148
-6.7374,1.0235,-4.1593,-1.0849,-6.1976,-1.9215
-4.917,0.7015,-7.0139,-0.5916,-4.8948,-1.9147
-8.3059,0.1509,-6.2731,-1.5724,-8.3698,-2.9004
-8.6478,0.4856,-5.5793,-1.2118,-5.5631,-2.3903
-6.7415,0.9058,-6.4692,-0.4434,-5.8109,-2.5071
-7.3067,1.2497,-5.5656,-0.3031,-5.8728,-1.0739
-6.3563,1.5817,-6.8587,-1.7194,-6.8101,-1.3615
-6.3803,1.0345,-5.8648,-1.5964,-8.8898,-1.7769
-6.8407,0.4987,-7.8048,-1.1779,-6.9129,-1.7484
-6.6274,1.2007,-5.8386,-0.5158,-6.5306,-1.9399
-7.1265,1.188,-4.9898,-0.3006,-6.4736,-2.378
-8.1864,1.0855,-6.0784,-0.837,-8.6184,-2.1752
-5.9184,0.4832,-4.1485,-1.5743,-6.4109,-2.6873
-6.9164,0.9367,-4.8345,-0.7737,-6.6815,-1.4043
-8.3552,1.2132,-5.1618,-0.5353,-6.8491,-1.7628
-6.9619,0.9778,-6.4005,-0.9683,-6.183,-1.5345
-7.2785,0.8778,-6.0132,-1.2702,-5.1625,-3.2438
-8.2734,1.1923,-5.6202,-0.8652,-6.6789,-0.9833
-8.0431,0.9781,-5.2554,-0.9446,-5.5056,-1.6652
-4.8792,0.4958,-6.9867,-0.7371,-8.0599,-3.877
-7.6476,1.6425,-5.5075,-0.1928,-5.3587,-1.3792
-8.4072,0.8999,-5.7882,-0.6985,-6.3689,-1.7159
-6.2037,0.8844,-6.8542,-1.1361,-6.1067,-2.5104
-6.1329,0.4745,-7.7425,-0.9574,-6.9962,-1.9191
-5.8565,1.4955,-4.6491,-0.83,-6.1885,-2.0749
-5.2031,1.2881,-5.1793,-0.2369,-7.201,-1.9389
-8.5724,1.0824,-4.9326,-0.9399,-8.3032,-3.6908
-6.2915,0.6927,-6.2228,-0.5236,-8.1518,-1.4109
-6.4211,0.7168,-6.0136,-0.8401,-5.4035,-2.3518
-8.3698,0.7856,-8.1,-0.6743,-6.7897,-2.6359
-6.831,1.7486,-5.5453,-0.69,-6.1779,-0.8554
-6.0236,0.8363,-6.1079,-0.6591,-7.2773,-1.4773
-5.9616,1.1768,-4.9239,-0.818,-5.736,-1.8477
-7.9876,1.6771,-4.6676,-0.4685,-6.0792,-1.1159
-6.9383,2.2776,-4.9117,0.1596,-6.9367,-0.1879
-8.0896,1.3158,-8.8593,-0.4511,-9.0927,-0.8719
-6.2627,0.5426,-6.7609,-1.1122,-5.9426,-2.3292
-5.4589,1.5355,-6.049,0.3521,-5.8018,-0.7905
-6.9246,0.3851,-6.731,-0.8204,-6.133,-1.9091
-10.5528,1.0024,-5.5686,-0.7984,-7.2255,-2.7655
-6.3355,1.4367,-5.7485,-0.2372,-5.6419,-0.5906
-8.3247,0.5991,-7.9384,-1.3232,-5.9834,-2.3217
-6.5241,1.0508,-5.3127,-0.324,-6.7122,-1.8514
-7.4806,1.2928,-6.7878,-0.0032,-6.6119,-0.547
-10.3543,1.5908,-5.8766,-0.2483,-6.9482,-1.5535
-6.8644,0.5727,-4.9088,-0.5843,-6.3437,-1.7135
-5.9754,0.9919,-5.8281,-0.6941,-7.9519,-2.8885
-6.981,1.5153,-4.9735,-0.2005,-6.0193,-0.8893
-5.6093,0.4215,-6.2902,-1.0848,-5.9346,-1.9798
-5.6633,1.3552,-5.3664,-0.467,-6.2107,-1.3251
-7.7752,1.0854,-6.7589,-0.2848,-6.784,-0.8102
-7.5391,0.7414,-6.2412,-0.8265,-4.9949,-2.0184
-9.1243,0.1856,-7.807,-1.3839,-5.8748,-2.4087
-9.2783,1.4441,-4.5171,-0.7816,-6.0778,-1.7275
-5.6975,1.1838,-6.359,-0.761,-6.9416,-1.6546
-6.3772,0.9296,-6.794,0.0367,-8.15,-1.4376
-9.0986,1.5622,-4.5891,-0.3098,-5.6332,-0.8811
-7.3633,1.1968,-5.4287,-0.3415,-6.933,-1.9625
-7.0316,1.244,-5.1152,-0.7547,-6.0414,-2.6332
-5.5055,0.6237,-5.2421,-1.24,-7.256,-2.7433
-7.4951,1.048,-6.0144,-0.9915,-6.8494,-2.3506
-7.8744,1.0859,-6.5547,-0.6374,-8.4841,-1.4042
-8.4233,1.2346,-7.6235,0.2565,-8.3472,-1.2567
-7.7648,0.393,-5.9741,-1.9808,-5.8762,-3.7125
-8.5354,0.3174,-7.4155,-1.3168,-6.2545,-2.8553
-13.4795,0.8417,-5.8835,-0.6591,-7.1454,-1.7178
-8.3083,0.6599,-6.0131,-0.9859,-7.0938,-3.3199
-8.0982,1.0025,-6.8153,-0.1714,-7.8775,-2.4355
-6.0136,1.0789,-6.2855,-0.5412,-6.1162,-1.6866
-5.5268,1.2169,-6.7402,-0.1685,-7.1511,-0.9396
-5.9499,1.1688,-5.8134,-0.29,-6.6156,-2.0763
-5.4283,0.6455,-5.4655,-2.4876,-8.2173,-3.6099
-10.4063,1.2544,-7.7034,-0.7466,-6.6393,-1.4008
-7.7827,0.5038,-6.6077,-0.6941,-6.3957,-2.902
-5.5828,0.655,-5.3206,-0.5797,-6.1414,-1.5373
-7.5062,1.5764,-4.4344,-0.7504,-5.8537,-2.3899
-7.5657,0.188,-5.2967,-1.2072,-6.1702,-2.213
-8.2423,1.2635,-5.6287,-1.4786,-5.978,-4.4724
-10.9917,0.3411,-5.4645,-1.0557,-6.1812,-3.0564
-6.3255,0.9835,-5.568,-0.5658,-6.4132,-3.1217
-7.8147,0.2792,-5.2984,-1.4475,-6.1645,-2.4782
-7.3334,1.0154,-6.0674,-0.6189,-6.7197,-1.612
-8.1686,1.1865,-4.9593,-0.8124,-7.1743,-1.4915
-9.9588,0.5508,-5.1881,-1.7846,-7.6848,-2.9348
-8.0523,1.3721,-5.3867,-0.019,-7.6163,0.1136
-8.2843,0.2105,-5.2383,-0.5292,-5.5573,-2.3522
-7.2586,0.9831,-7.3446,-0.2728,-6.4907,-2.5276
-5.8148,0.1254,-4.7005,-1.6681,-6.7747,-3.1544
-7.6365,0.8423,-7.2281,-0.8909,-6.2355,-2.4381
-7.9815,1.6626,-6.6108,-0.2205,-6.1309,-0.4322
-6.7077,0.6858,-6.3564,-1.2594,-6.3678,-2.0024
-7.7229,1.1608,-7.3974,-0.8449,-6.1414,-1.4427
-5.9212,0.8857,-5.8749,-0.6189,-5.1317,-1.0923
-8.2012,0.486,-5.8019,-0.9777,-7.7036,-1.9672
-7.8284,0.4621,-5.5604,-1.4695,-5.963,-2.0857
-8.5223,2.2354,-3.5435,0.4482,-7.7246,-0.7606
-9.5044,1.2749,-5.4664,-0.6381,-6.0687,-1.5006
-6.0253,0.4781,-5.7747,-1.1523,-6.2865,-4.7432
-9.0551,1.2889,-5.8247,-0.4032,-6.4642,-2.1304
-6.6985,0.9438,-4.947,-0.5454,-5.7541,-0.6321
-8.5551,2.2005,-4.2644,-0.0539,-6.5413,-1.1779
-7.3072,0.8387,-4.6335,-0.5716,-6.7245,-1.9374
-7.5661,0.8475,-6.4987,-0.4428,-7.8067,-1.8448
-7.1775,0.4173,-5.798,-0.5435,-6.1252,-2.6564
-8.4631,0.2253,-7.267,-0.792,-5.7794,-4.2914
-6.9562,1.7565,-4.4797,-0.1957,-9.0663,-0.7638
-7.6597,0.8842,-6.2662,-0.3752,-5.4402,-2.2313
-8.5113,0.7603,-6.4025,-0.7259,-6.9904,-2.0226
-5.8704,0.9055,-5.8936,-0.3841,-5.1389,-0.8631
-7.589,0.9161,-5.1705,-0.8021,-5.6459,-1.572
-8.0038,0.7337,-6.6129,-1.3766,-6.9641,-2.8536
-8.9748,0.9057,-6.882,-0.5481,-5.9208,-1.9174
-7.8215,0.4417,-6.4163,-1.4005,-6.1427,-2.5071
-7.95,0.9383,-5.7183,-0.9872,-6.4649,-2.0657
-5.8846,0.6822,-7.1025,-0.393,-6.1046,-1.0205
-10.7915,1.7194,-5.7884,-0.3082,-5.0364,-0.9185
-8.8716,0.8115,-4.6207,-1.0138,-8.7434,-2.7278
-9.4743,-0.4569,-5.6449,-1.6191,-6.384,-5.1491
-8.8048,1.3176,-8.0362,-0.2179,-8.899,-1.7837
-9.0495,-0.0064,-7.6315,-1.2259,-6.1866,-2.3492
-8.1046,0.6337,-6.549,-0.8797,-6.5952,-1.4794
-5.4885,1.0776,-4.9854,-0.323,-5.4816,-1.8744
-6.7539,2.2719,-4.1586,-0.1031,-7.6229,-0.6078
-5.7516,0.1633,-5.4334,-1.128,-5.8905,-2.2197
-8.2823,1.3121,-5.7726,-1.1824,-6.4116,-1.8783
-7.2055,0.4311,-5.3297,-1.4005,-6.6229,-2.4482
-6.6591,1.4132,-7.3907,-0.0983,-6.787,-0.3014
-5.0613,0.5519,-5.3646,-1.4319,-5.6692,-3.0171
-8.0754,2.3457,-4.2495,-0.726,-6.959,-1.8628
-7.9519,-0.1648,-4.506,-1.735,-6.2202,-3.0785
-6.7551,1.627,-5.1963,-0.9208,-5.2434,-1.6474
-5.413,2.0292,-4.4871,0.219,-6.4364,-0.7904
-8.1317,0.2998,-5.0093,-1.3946,-7.7423,-1.8879
-8.9169,1.9063,-6.2007,-0.4251,-6.6673,-1.5079
-8.1776,0.4755,-4.6516,-1.4177,-6.814,-1.5399
-7.2049,0.4816,-5.7422,-1.3854,-7.3219,-2.332
-10.0675,0.8687,-4.9784,-0.7511,-8.0035,-2.095
-5.635,1.912,-3.9083,-0.6285,-7.5336,-1.4391
-6.4458,0.9324,-4.6239,-1.0772,-7.158,-1.8889
-9.1281,1.9907,-4.2815,-0.3762,-8.7494,-0.9614
-8.7262,0.3022,-6.155,-1.2559,-6.7313,-2.3783
-6.5403,0.6203,-6.5295,-1.2031,-5.4236,-1.8429
-6.8376,1.1306,-5.6188,-1.1833,-6.317,-2.5356
-6.414,0.1556,-4.8527,-1.4027,-6.8749,-2.0156
-6.6081,1.1257,-4.7665,-0.2776,-5.7025,-1.9473
-8.2905,0.2692,-7.0768,-1.7656,-5.2144,-4.6667
-6.653,0.8824,-5.5729,-0.8787,-6.9235,-1.9307
-6.3843,0.4645,-4.8386,-1.5544,-6.6009,-3.9757
-7.8224,1.9509,-3.6169,-0.5009,-6.7729,-0.7857
-5.8299,0.966,-4.152,-0.7076,-6.1913,-1.752
-8.5173,0.7952,-3.8092,-0.948,-7.4918,-2.4368
-6.0758,1.3108,-5.3042,-0.5221,-5.8962,-2.0326
-5.751,0.9557,-4.6444,-0.5692,-7.3202,-1.92
-8.1856,0.4516,-5.7795,-1.2888,-6.1894,-2.7123
-7.7216,1.8829,-4.4439,-0.7247,-8.1121,-0.9488
-7.0658,0.4971,-5.2824,-1.0615,-5.741,-2.4027
-5.91,1.9357,-5.2534,-0.1465,-5.9916,-0.7501
-8.8056,0.5631,-7.0085,-1.5585,-6.1941,-3.3939
-8.125,0.3148,-6.4603,-1.3627,-8.6662,-2.8097
-7.4103,0.9949,-6.7465,-0.6516,-6.6293,-1.0053
-7.9765,0.7366,-7.6014,-1.6883,-5.2658,-3.2936
-6.4461,0.4898,-6.9109,-1.1462,-5.9729,-2.695
-8.9797,1.0645,-5.4128,-0.6103,-5.3988,-1.9259
-5.8086,1.8441,-5.6325,-0.268,-6.9935,-1.2296
-6.9177,0.4393,-7.0973,-1.79,-7.5861,-2.8661
-8.5101,1.6186,-4.3328,0.2242,-5.6402,-0.2088
-6.0952,1.7363,-6.2601,-0.7093,-6.1438,-2.4831
-6.6404,0.9437,-6.2631,-0.6665,-6.5983,-2.7495
-5.267,1.6184,-4.6158,-0.931,-7.4444,-1.6477
-7.2557,1.9528,-4.6793,-0.9999,-6.275,-1.5442
-7.2483,0.2075,-6.5886,-1.0932,-6.9216,-3.1993
-7.4253,0.6146,-4.2561,-1.1078,-6.5852,-2.8037
-5.7231,0.3991,-4.9138,-1.7289,-6.3755,-3.4169
-9.8793,0.8571,-4.7632,-0.9987,-6.4237,-1.4933
-6.2682,1.2177,-4.6995,-0.5864,-6.1363,-1.3736
-6.4472,2.226,-4.8657,0.1949,-6.7537,-0.7341
-8.3103,1.6314,-4.3961,-0.5536,-6.3231,-0.9025
-8.7204,1.5718,-4.46,-0.1672,-9.5689,-1.0586
-6.5592,0.892,-7.5635,-0.8729,-7.5504,-2.4156
-7.5531,0.3014,-6.774,-1.2304,-4.956,-3.1006
-5.3047,1.5639,-5.6518,-0.2535,-7.7507,-0.6172
-8.9171,1.1404,-5.4196,-1.0429,-6.4424,-2.213
-5.4182,0.8631,-5.2148,-1.0543,-7.7583,-1.8346
-7.5297,0.8905,-5.3095,-1.2484,-7.0235,-2.747
-4.1157,1.6756,-4.2202,-0.2621,-6.7851,-1.0771
-7.9035,1.1097,-5.7911,-0.3865,-6.4108,-2.2303
-7.2554,0.7109,-8.0253,-0.6324,-6.3348,-3.2854
-5.4934,0.8052,-5.5115,-0.5542,-8.2357,-1.921
-9.564,0.655,-6.2885,-1.7927,-5.8197,-2.403
-6.628,1.2525,-4.3036,-0.8837,-6.4181,-2.4792
-6.4904,0.9003,-4.6543,-0.6572,-7.313,-2.0288
-7.7173,0.2793,-6.0054,-0.8803,-6.9819,-2.2132
-7.5629,0.8445,-5.3686,-1.5892,-7.3272,-2.8293
-6.009,1.3059,-5.3393,-0.6053,-5.7194,-2.2796
-8.8928,0.2739,-7.3089,-1.8273,-6.9764,-4.5227
-8.6408,0.7917,-8.2772,-0.9094,-6.1439,-3.0881
-7.9093,1.0063,-4.8694,-0.7567,-7.1463,-1.0159
-9.2272,1.7298,-5.4993,-0.2995,-6.332,-0.1426
-6.3474,1.4195,-5.7833,-0.8645,-6.0311,-1.8729
-6.993,1.6615,-5.8247,-0.505,-8.0756,-1.7263
-6.3912,0.9859,-4.4291,-1.5725,-7.3617,-2.6918
-9.603,1.2416,-5.2248,-0.1404,-5.6645,-0.3635
-6.3487,1.7235,-4.877,-0.3733,-6.8601,-1.0331
-7.6055,1.0264,-6.7573,-0.9892,-7.6519,-1.5042
-6.459,0.8974,-7.0599,-0.8146,-8.6178,-2.6454
-6.7964,0.4882,-6.8009,-1.3457,-8.0006,-2.2283
-7.7949,0.4394,-4.8871,-1.1275,-6.3296,-2.7634
-4.0095,0.9971,-5.2264,-0.6094,-5.9163,-3.5927
-9.4107,2.2117,-5.2602,-0.0192,-6.563,-0.9572
-9.9263,1.122,-6.8049,-0.465,-6.6538,-1.4898
-7.0363,0.1435,-5.119,-1.4154,-6.9546,-2.2576
-5.8242,0.8247,-6.5274,-0.6769,-7.3461,-3.452
-6.2155,1.0761,-5.7741,-0.6805,-6.5869,-1.6669
-9.5251,0.6772,-6.7048,-1.4628,-6.4886,-1.9946
-5.1554,1.0755,-4.7939,-0.4475,-6.7764,-2.2032
-6.6038,1.633,-4.3352,-0.142,-5.9201,-0.893
-6.9185,0.8664,-5.7691,-1.1015,-6.2296,-1.7767
-8.7422,1.8202,-4.7302,-0.3846,-6.6211,-1.2722
-10.3531,0.3939,-6.7947,-0.7196,-6.6161,-2.9755
-5.5709,0.5311,-5.4804,-1.1918,-5.171,-2.7212
-7.4114,0.487,-6.1533,-1.353,-5.943,-2.962
-6.9645,0.9854,-7.2568,-0.3937,-6.9381,-2.1878
-5.4856,0.8423,-4.6522,-0.8201,-6.4581,-1.2437
-6.4542,1.0292,-6.8174,-0.3818,-6.9639,-2.0264
-7.1382,1.7175,-4.8188,-0.1059,-7.303,-0.4657
-8.086,0.5957,-6.3477,-1.3561,-6.0742,-2.2092
-7.7388,0.3217,-7.1214,-1.3484,-4.5953,-3.9914
-7.5337,0.593,-6.1362,-0.3238,-6.4553,-2.0203
-7.2443,1.6716,-4.2905,-0.8451,-8.0017,-2.0033
-8.834,1.3277,-10.8572,-0.4599,-7.5001,-1.5987
-7.7364,1.3537,-6.9066,-0.6104,-6.0688,-1.3783
-8.4571,1.4343,-4.5812,-0.8313,-6.993,-0.7947
-7.7557,1.7127,-4.5963,-1.3972,-6.9498,-2.2857
-7.5946,1.1973,-6.6106,-1.4651,-6.719,-2.2876
-7.9785,1.4001,-4.7238,-0.2639,-6.3013,-1.8435
-8.3618,0.9806,-4.3815,-1.0338,-6.3936,-1.2506
-9.6651,0.4291,-5.8342,-0.752,-6.2757,-3.6423
-6.5323,2.1482,-6.0372,-0.0273,-9.7432,-0.9917
-8.1602,0.4235,-6.2618,-1.595,-5.8219,-2.1079
-6.4022,0.3644,-6.982,-1.1784,-5.4969,-1.9584
-10.6894,0.8008,-6.7789,-0.7302,-6.184,-1.7361
-5.5996,1.0095,-5.7866,-0.9095,-8.1803,-2.0894
-7.316,1.4244,-6.7544,-0.1518,-5.064,-0.8728
-6.0341,1.2229,-5.7053,-0.7454,-4.9963,-2.2218
-6.8094,0.7514,-4.1578,-1.0932,-7.0947,-2.5299
-8.1908,0.5592,-5.2441,-1.6604,-6.3521,-1.7451
-9.5836,0.3068,-6.3082,-1.3446,-6.117,-4.1046
-7.7718,0.6905,-6.6763,-0.8728,-5.7483,-2.628
-6.6633,0.4757,-8.1815,-0.1746,-9.024,-2.9359
-6.3574,0.5966,-5.069,-1.0263,-6.7311,-2.6129
-4.499,0.5422,-5.1883,-0.8428,-7.3703,-1.9477
-8.9423,2.0609,-7.2856,-0.3655,-6.757,-0.919
-8.8487,0.6454,-7.3717,-0.9599,-6.6569,-3.0821
-8.8554,2.06,-5.2759,-0.3382,-5.5216,-0.9324
-7.9054,0.6704,-7.0803,-0.8421,-6.5516,-2.7513
-5.7299,0.6318,-6.1669,-0.5666,-6.8275,-1.5524
-5.8208,0.7353,-7.1677,-0.6051,-5.6894,-2.6116
-5.2447,1.4662,-7.5979,-0.3136,-5.9356,-1.4952
-7.3458,0.8932,-6.1173,-0.8715,-7.728,-1.8042
-6.5866,0.1966,-5.8826,-1.5626,-6.0018,-3.1563
-6.3199,1.9426,-4.4821,-0.7103,-7.2143,-1.8317
-8.4464,0.8971,-5.1209,-0.9129,-6.5221,-2.0964
-6.5547,0.4472,-5.9233,-1.2933,-6.9034,-3.2318
-5.1486,1.1566,-5.1853,-0.0181,-5.5032,-2.1076
-7.0573,1.1217,-5.9568,-0.5644,-6.1972,-1.7636
-6.3128,0.9844,-4.5519,-0.682,-6.5406,-1.6188
-6.993,0.537,-5.8287,-0.747,-5.8678,-2.362
-6.55,0.9366,-6.3024,-0.4286,-6.022,-1.4703
-7.063,0.4348,-7.347,-0.9944,-7.2097,-2.5483
-6.4961,1.4234,-6.027,-0.049,-5.7249,-0.9632
-6.9687,0.936,-5.2588,-1.1767,-6.1873,-1.5807
-8.1341,1.1361,-3.9864,-1.1231,-6.168,-2.625
-8.5161,0.9789,-6.8869,-0.4435,-6.1995,-2.5043
-6.8607,1.0228,-4.3843,-1.4093,-5.7346,-2.1591
-8.2624,0.4645,-6.3621,-0.9467,-6.5029,-1.9067
-10.9426,1.3137,-4.8471,-0.2996,-5.3441,-1.2061
-5.945,0.5927,-5.2889,-0.8496,-5.8192,-2.0862
-6.4827,1.773,-5.8697,-0.8791,-6.3751,-2.5154
-5.1328,1.1631,-6.0449,-0.7261,-6.811,-2.5066
-9.4014,0.9862,-6.4527,-0.2328,-5.6058,-2.1931
-8.6879,1.4065,-4.8503,-0.5624,-7.5968,-0.4492
-5.057,0.7211,-5.3696,-0.4659,-6.0879,-1.3291
-6.4139,0.5854,-8.2256,-0.8936,-5.2755,-2.3466
-7.8406,0.6086,-3.8504,-1.6486,-5.6782,-2.2908
-6.428,0.1938,-5.1195,-1.2385,-6.7914,-3.0499
-8.4358,1.0154,-6.8377,-0.3506,-5.6938,-1.5757
-6.8328,2.0187,-4.6127,0.4042,-5.602,-0.4589
-8.3718,0.8613,-4.8037,-0.7952,-5.8701,-2.6552
-8.5245,0.9964,-5.0994,-0.3239,-6.7959,-1.5245
-6.7633,1.4864,-5.5681,-0.412,-5.9516,-1.5987
-10.4013,0.3538,-5.1776,-0.895,-6.7083,-1.6802
-7.6292,2.25,-4.104,-0.216,-7.9706,-0.5582
-5.9789,0.6674,-5.4134,-1.1254,-7.0441,-2.7895
-8.2361,-0.0607,-6.3284,-1.2644,-8.3115,-2.8716
-9.5247,1.1422,-5.6189,-0.3137,-6.3777,-2.1292
-10.1647,0.51,-6.0486,-1.315,-6.9924,-2.2425
-7.4104,1.2299,-6.3233,-1.4071,-6.2548,-1.2984
-7.6866,0.3127,-6.105,-1.4677,-5.7534,-2.2399
-7.6074,0.7697,-4.5629,-0.8007,-6.0194,-1.9697
-6.7111,0.6969,-5.8765,-1.0062,-5.2094,-2.5427
-6.8142,0.835,-5.3405,-0.8257,-7.8802,-2.2168
-8.1336,0.9001,-5.3201,-0.9871,-5.736,-2.5512
-7.0911,0.6723,-8.2812,-0.6642,-5.966,-2.7537
-5.7334,1.6624,-5.2102,-0.0096,-6.6822,-0.8648
-7.7325,1.282,-5.3565,-0.3659,-6.489,-1.4905
-13.5018,0.6833,-4.6067,-0.7379,-7.0857,-2.3488
-6.1235,0.5226,-4.3879,-1.769,-6.1823,-3.5863
-6.765,1.7774,-4.2215,-0.6565,-7.5005,-2.1103
-8.524,0.5754,-5.6933,-0.6449,-5.0493,-1.7779
-9.3852,0.718,-5.207,-0.5723,-5.4709,-1.2344
-6.8503,1.6312,-5.7738,-0.1869,-6.3086,-1.1373
-6.072,1.479,-5.7561,-0.386,-8.4269,-1.9634
-8.0664,0.1852,-5.1191,-1.6861,-5.5053,-2.7764
-5.9162,1.5395,-5.2335,-0.3803,-8.76,-2.7402
-6.2222,1.2734,-5.3082,-0.1634,-6.7537,-0.9616
-7.0465,0.0452,-6.6439,-0.9187,-6.1457,-2.3351
-7.1518,0.0556,-6.0915,-1.4993,-9.1354,-2.296
-7.3686,1.2848,-5.2555,-0.8033,-6.5825,-1.8471
-6.5713,0.554,-6.9237,-1.4066,-8.0448,-2.275
-5.4311,1.2277,-4.1858,-1.0057,-6.6761,-1.3163
-7.8605,0.8694,-5.5214,-0.7992,-6.1004,-2.08
-6.8596,1.5107,-5.2226,-0.0019,-6.7455,-1.3309
-6.9363,0.4774,-8.2092,-1.5042,-6.8172,-3.7545
-7.8245,1.39,-6.1973,-0.6825,-5.6542,-1.3381
-6.3522,1.3475,-4.5794,-0.1082,-7.1863,-0.4191
-6.0115,0.657,-8.0916,-0.507,-7.7697,-2.8067
-9.2673,1.3086,-6.9161,-0.2427,-6.1604,-1.6224
-8.9369,0.5289,-5.912,-0.7148,-6.8252,-2.7258
-8.8858,1.8069,-4.6161,-0.2997,-7.317,-0.8578
-7.4814,1.2086,-6.5007,-0.4591,-8.1719,-1.2884
-7.9771,1.0509,-5.9829,-0.3491,-6.4662,-1.5089
-5.6205,0.8182,-4.733,-0.8002,-6.1582,-2.3767
-10.6669,1.3422,-4.9513,-0.5201,-7.7356,-1.5741
-6.413,1.0711,-6.107,-0.8005,-5.4612,-1.6079
-8.1911,1.0585,-5.0755,-2.0359,-7.3085,-1.9922
-9.016,0.474,-6.6344,-0.9303,-7.9428,-2.4509
-7.2319,0.8368,-7.4398,-0.6043,-7.3202,-1.0196
-7.7614,1.345,-4.8369,-0.5543,-5.6646,-1.4785
-5.6206,1.0823,-7.1503,-0.1707,-7.518,-2.4426
-8.3413,1.1073,-6.2487,-0.6661,-7.0746,-1.6441
-7.4059,0.7277,-5.1196,-0.4634,-7.3695,-3.2281
-7.3075,1.0977,-7.0021,-0.7252,-6.8654,-1.697
-8.253,1.2274,-5.3022,-0.7863,-5.478,-0.8287
-6.9323,0.9503,-5.7277,-0.4042,-5.1873,-2.2058
-6.2528,0.8287,-5.9846,-1.0093,-5.9629,-3.197
-7.7188,1.3537,-7.2613,-0.7219,-8.4512,-1.8381
-7.9185,1.0959,-5.3479,-0.5011,-5.2812,-1.6411
-9.0709,0.4722,-8.1155,-1.2179,-6.6,-3.4057
-9.1873,0.7448,-6.5613,-1.2659,-9.4442,-1.8729
-5.8483,0.0076,-5.8663,-1.5766,-5.8683,-2.7609
-7.7738,1.2743,-6.2819,-1.0444,-6.7981,-2.5971
-5.6236,0.9998,-6.5808,-0.3402,-6.9846,-2.3592
-6.8306,1.7485,-4.553,-0.8194,-7.3927,-1.4483
-8.1232,0.8363,-6.5656,-0.6208,-6.5577,-2.1513
-9.9157,1.7974,-6.3477,-0.4157,-5.7319,-1.9471
-5.7521,1.5122,-4.4128,-0.2063,-6.7639,-1.3586
-6.2385,1.2013,-6.0928,-0.2486,-6.6004,-1.5964
-5.7655,0.4287,-6.3553,-0.9447,-6.8969,-3.4922
-6.6161,0.4523,-6.6554,-2.0581,-7.0482,-5.4093
-9.048,1.3723,-5.6984,-0.5197,-5.9364,-2.4148
-7.4651,0.8093,-5.8268,-0.7861,-7.6412,-1.6155
-5.839,0.4483,-5.0421,-1.4571,-6.1619,-2.0717
-9.8915,1.3843,-6.9703,-0.0756,-7.4176,-1.2468
-6.1503,1.2168,-4.2337,-0.7792,-6.2873,-1.4746
-6.4238,1.8052,-6.134,0.0915,-6.4494,-1.4518
-5.2556,0.9916,-5.6395,-0.6294,-6.1902,-1.965
-8.1851,0.3028,-5.6761,-1.1414,-5.9661,-2.4077
-11.3708,0.9774,-3.9149,-0.8019,-6.0716,-1.5773
-5.7513,1.252,-5.3499,-0.2709,-7.6956,-0.8211
-6.7002,0.4848,-3.96,-1.0504,-5.9519,-2.0198
-10.3733,1.0724,-6.0187,-1.2659,-6.0929,-2.5573
-7.8694,1.2418,-7.0067,-0.7097,-6.5443,-1.5214
-9.1488,1.1474,-7.3094,-0.6259,-5.8009,-2.1183
-5.3831,0.6945,-6.2531,-0.7165,-7.1603,-2.3375
-7.1452,0.7881,-5.6684,-0.9973,-6.0468,-3.1737
-7.6674,1.3541,-6.9934,-0.1272,-6.0547,-1.1493
-6.9306,0.6874,-4.8663,-1.8167,-5.5945,-2.0906
-8.3686,0.4629,-6.1753,-1.0108,-7.2178,-3.3529
-6.1151,0.2826,-6.4543,-1.2946,-5.7958,-2.7026
-9.1941,1.442,-7.8576,-0.3491,-7.2223,-1.5867
-8.7384,0.9629,-6.1397,-0.828,-8.816,-2.5835
-7.1587,1.1681,-6.1997,-0.0522,-5.6376,-1.3877
-5.5204,1.0294,-6.3142,-0.9204,-6.1254,-2.7375
-8.7045,0.1967,-6.4752,-0.9883,-9.1813,-3.1165
-7.6856,0.7633,-5.9265,-1.0028,-4.7882,-1.945
-6.8509,1.1069,-6.29,-0.4268,-8.594,-1.6572
-5.9373,0.8763,-5.3158,-1.3245,-8.1,-2.2463
-7.132,1.4548,-7.2266,0.2065,-7.8533,-1.7827
-6.0633,1.4268,-7.8034,0.0598,-6.2725,-0.7277
-10.9739,0.4206,-7.3199,-0.9767,-7.189,-2.4414
-5.7627,1.0095,-6.7061,-0.3379,-6.5818,-1.4018
-5.247,1.4478,-4.8411,-0.5396,-6.2818,-0.9877
-7.7731,0.6222,-6.311,-1.0677,-7.5959,-2.5317
-7.3189,1.1867,-5.0449,-0.5688,-7.7189,-1.1093
-9.9121,1.1508,-4.878,-1.1525,-6.4087,-1.5847
-4.8702,0.296,-7.2655,-1.4295,-7.1751,-2.6239
-8.9022,0.5904,-5.1908,-0.8803,-6.2113,-2.6232
-7.4581,0.9805,-5.5578,-0.6415,-6.0375,-1.6892
-6.8028,0.4872,-5.5788,-1.4358,-6.3393,-3.1121
-7.4796,1.1788,-6.9202,-0.4888,-5.2453,-1.0125
-8.8822,1.157,-5.4195,-0.2981,-5.5998,-1.6515
-5.7634,0.842,-7.0991,-0.8897,-5.8409,-2.8266
-7.6608,1.2613,-4.5615,-1.0125,-7.1894,-1.3046
-7.1537,0.9476,-6.3901,-0.8681,-5.9727,-1.2347
-8.0263,1.9424,-4.6136,-0.295,-6.1569,-2.0305
-7.2461,0.9792,-5.8382,-0.7632,-5.8526,-1.9062
-7.25,0.4769,-5.6971,-0.6373,-7.5158,-1.6378
-6.7868,2.4046,-4.4559,-0.1591,-5.6515,-0.9575
-12.1388,1.2277,-5.9223,-1.6236,-7.7333,-2.6985
-7.4557,1.0839,-4.2372,-0.6831,-5.532,-1.1703
-6.3916,0.9059,-4.7997,-0.8775,-6.1463,-2.7655
-6.9257,1.5501,-8.1679,-0.4251,-6.8538,-1.4053
-7.1187,1.7674,-6.0979,-0.4074,-9.6364,-1.0511
-5.3847,0.1165,-6.4507,-2.4855,-5.3333,-3.34
-8.0013,1.1758,-5.4948,-0.8111,-8.0182,-1.5785
-6.4942,0.8638,-4.6122,-1.1285,-7.0786,-2.2847
-7.1375,0.275,-5.8644,-1.0424,-8.2757,-2.5535
-6.1768,1.2518,-4.9717,-0.9901,-9.6848,-1.5843
-6.2814,0.6786,-6.8549,-1.7037,-6.0212,-2.1456
-8.2338,1.1091,-5.5103,-0.8055,-6.6348,-1.9333
-10.1837,0.3575,-6.5218,-1.31,-7.3505,-2.4467
-7.0529,1.9563,-3.7485,-0.5987,-6.3063,-0.7289
-7.246,0.3343,-5.9597,-1.7535,-7.1553,-2.78
-9.0806,0.8201,-5.6913,-0.9741,-8.6505,-2.1954
-6.9598,1.0899,-7.3073,-0.1475,-5.993,-1.972
-7.6309,0.8698,-7.1152,-0.0105,-7.1637,-1.4139
-9.4409,1.4257,-6.0474,-0.4447,-7.5228,-2.4659
-7.0263,0.2203,-4.4071,-1.6851,-7.4894,-2.6188
-7.6322,1.2645,-7.8618,-1.2719,-7.7271,-1.4568
-5.4271,0.9849,-6.4841,-0.4446,-5.1253,-2.1133
-6.0312,0.8253,-5.6493,-0.6697,-7.7872,-1.927
-6.9839,1.35,-4.6021,-8e-04,-5.9508,-1.5016
-8.0932,0.9558,-5.9461,-0.5357,-7.6987,-1.5934
-8.5189,0.4093,-5.1975,-1.1642,-6.527,-2.8474
-6.8372,1.0119,-5.6638,-0.6939,-6.2786,-1.2983
-9.9499,0.1453,-5.4354,-2.3441,-5.2749,-2.9648
-6.8271,0.5889,-4.5039,-0.7059,-7.268,-2.0349
-7.3917,1.247,-4.5491,-0.6488,-7.0706,-1.4994
-7.4318,0.2654,-4.5696,-1.1845,-8.3056,-2.0686
-7.1176,1.1349,-6.678,-0.6378,-5.9593,-1.7959
-7.6107,0.6138,-6.2609,-1.3507,-6.2018,-2.4968
-7.7877,1.1616,-5.2721,-0.4805,-7.2114,-1.2435
-10.8591,1.4309,-8.1161,-0.3572,-7.5959,-2.3168
-7.2347,0.4117,-4.4342,-1.5327,-6.3077,-2.3319
-6.6573,1.6774,-7.8664,-0.0793,-7.04,-1.5762
-5.1436,-0.0852,-6.0603,-1.4037,-5.352,-4.1765
-6.5679,1.3264,-5.9145,-0.0341,-4.8068,-0.7615
-7.2557,0.068,-5.2697,-1.4217,-6.3883,-4.139
-9.037,0.966,-7.5839,-0.5307,-4.7974,-3.2711
-7.9492,0.8059,-5.4118,-0.3937,-6.1118,-2.4777
-6.3661,0.4979,-8.2765,-1.1885,-6.7148,-2.4919
-8.1441,1.1762,-8.2366,-0.7357,-9.5199,-1.9464
-6.1873,1.5772,-5.3323,-0.809,-8.058,-1.2271
-7.608,0.336,-6.0321,-0.9544,-5.5222,-2.4834
-6.7936,1.3874,-4.8337,-0.6109,-5.7073,-1.776
-6.9574,1.3628,-5.9042,-0.5219,-5.5878,-1.5677
-8.3776,0.4685,-5.6027,-1.4518,-6.2938,-1.8444
-8.4592,0.856,-5.6625,-0.8051,-7.3147,-2.5712
-5.7845,0.6326,-5.6939,-0.6875,-8.841,-2.1702
-9.6414,1.1526,-5.0004,0.0149,-5.9572,-0.7074
-8.0164,0.6356,-4.3299,-0.6257,-7.3516,-1.942
-7.2811,0.757,-5.8311,-0.6025,-8.1217,-1.8678
-6.3726,1.6114,-4.7145,-0.4168,-6.3818,-0.8052
-6.7155,1.1221,-4.9327,-0.3452,-6.5108,-1.2242
-8.0335,0.1347,-5.5498,-1.8833,-7.156,-3.3582
-7.0402,1.2893,-6.134,-0.1844,-5.356,-1.228
-9.3464,0.9004,-6.5606,-1.1798,-8.4435,-2.0406
-8.9174,0.6369,-6.4199,-0.1089,-5.4326,-1.6463
-9.1743,1.199,-7.0724,-0.7594,-5.8031,-2.1377
-7.6373,-0.0177,-6.2642,-2.0954,-7.4039,-3.2101
-7.6276,0.6413,-6.0783,-0.8767,-6.8796,-2.541
-8.9978,0.4799,-6.4014,-1.1297,-8.439,-2.4391
-6.6349,1.0802,-5.8476,-0.7553,-7.3643,-3.1053
-5.7878,1.4329,-6.7354,-0.4111,-6.6308,-1.3619
-5.1291,0.9133,-5.7367,-0.8636,-5.8098,-1.5844
-7.4563,0.8517,-6.7127,-0.8297,-5.3594,-1.9431
-5.8154,0.4015,-6.3318,-0.9708,-7.5307,-2.6078
-6.6128,1.2494,-6.384,-1.1095,-5.574,-2.1274
-7.145,1.2173,-4.1843,-0.077,-6.9578,-0.9823
-6.4766,0.8053,-4.8061,-1.19,-5.0406,-1.9861
-6.208,0.4096,-5.1549,-1.0402,-6.8265,-2.385
-3.9824,1.9293,-4.5631,0.3642,-6.4186,-0.2991
-9.8697,0.8925,-5.9495,-1.0893,-6.4002,-2.6412
-9.0816,0.9203,-4.2328,-2.0704,-6.3321,-3.2712
-4.2694,0.5174,-6.0522,-1.0215,-9.9604,-2.5051
-7.9361,0.6663,-6.5602,-1.2122,-6.3691,-2.4051
-8.8752,0.7933,-7.5091,-0.8363,-6.8029,-2.5142
-7.1682,0.3913,-4.7087,-0.9446,-6.1609,-1.8911
-6.6019,1.565,-5.222,-1.1023,-7.7263,-1.7913
-7.8915,0.1804,-7.0611,-0.9545,-8.331,-2.7938
-10.202,0.8693,-4.9837,-1.4519,-10.3841,-2.2991
-9.7233,1.2631,-6.4561,-0.5827,-6.0912,-1.6146
-10.5208,0.1775,-5.0961,-1.7778,-7.0902,-3.5658
-5.7584,1.3841,-4.4686,-0.7469,-6.7021,-1.2031
-6.4895,1.1201,-4.1988,-0.9268,-7.406,-1.6344
-5.905,1.2825,-6.0188,-0.5862,-5.8667,-1.5403
-7.5547,1.3657,-4.906,-0.4122,-6.0904,-2.0567
-8.9475,0.8905,-6.1726,-0.4452,-7.0398,-1.0482
-8.7823,0.1931,-5.2274,-1.1484,-6.4112,-2.2324
-7.2945,0.3567,-5.6694,-1.4126,-6.7048,-2.2177
-8.1731,1.0038,-6.427,-0.9938,-7.5331,-1.6225
-4.2834,1.5959,-5.3684,-0.3675,-7.0419,-1.435
-6.2546,0.9349,-5.939,-0.7619,-6.4914,-1.9923
-6.2776,1.737,-6.8463,-0.4859,-6.7955,-0.9888
-5.605,1.519,-5.5232,-0.8384,-6.7987,-2.1159
-7.2549,0.8593,-6.4268,-0.9953,-7.2956,-2.2141
-6.9372,1.7957,-4.6586,-0.4617,-6.7431,-1.5563
-7.6188,1.0168,-6.5885,-0.2055,-6.4359,-1.9524
-7.9334,0.912,-4.6708,-0.7006,-6.0396,-1.8311
-7.1245,0.6212,-4.9538,-0.7035,-6.3434,-2.5475
-8.8973,1.1389,-5.3762,-1.0194,-5.8118,-2.5192
-6.7827,0.5756,-5.4377,-0.7997,-5.9092,-2.0154
-10.1447,0.2145,-5.4703,-0.8989,-6.0641,-2.2706
-8.6999,0.7156,-5.453,-0.9381,-7.5857,-1.8741
-7.593,0.7798,-5.2415,-0.8142,-7.5758,-1.4955
-8.5237,0.6311,-5.8092,-0.4135,-7.0309,-1.9961
-4.5285,1.7125,-5.4422,-0.2744,-8.2471,-1.1978
-9.8303,0.2813,-5.4332,-0.7938,-6.9378,-3.2594
-7.2283,0.8788,-8.7717,-0.7344,-6.6192,-1.6914
-8.434,0.6978,-6.7514,-0.8894,-6.8108,-2.0966
-8.9195,1.488,-4.5778,-0.5116,-7.1089,-2.2651
-7.4998,1.8073,-3.9538,-0.3432,-6.6886,-1.054
-6.9064,0.9378,-4.7527,-0.8892,-6.3175,-3.3876
-5.4931,1.7571,-6.172,0.1376,-5.8349,-0.6784
-6.7786,1.2296,-5.2161,-0.2572,-7.4282,-0.3774
-5.7717,1.3626,-4.4388,-0.8649,-7.0288,-1.2258
-8.129,0.7324,-6.3674,-0.3793,-7.9875,-1.3641
-4.9832,0.571,-8.2164,-0.8898,-5.3318,-2.5868
-7.1655,1.0092,-5.3125,-0.937,-6.6536,-1.101
-5.3924,1.1902,-7.4958,-0.1496,-6.298,-1.2079
-7.3263,0.9358,-7.83,-0.1369,-7.3346,-1.3207
-7.7598,0.5827,-6.1002,-1.1276,-6.5992,-2.0749
-7.4793,1.3739,-6.2754,-0.1115,-4.9744,-1.4624
-7.7406,0.9085,-6.6527,-0.4065,-6.5843,-1.643
-6.9914,0.9417,-5.768,-0.7061,-6.5376,-2.4757
-7.2975,1.2341,-7.9411,-0.5053,-7.7776,-1.4
-7.8472,1.3832,-6.6578,-0.3466,-8.8288,-0.2623
-6.4782,0.6491,-6.8132,-0.8078,-6.521,-3.4852
-6.2943,1.4656,-6.4875,-0.497,-6.0925,-1.4595
-6.4386,1.5097,-4.5521,-0.4367,-5.9908,-1.4339
-8.9226,0.9631,-6.9098,-0.6473,-6.2698,-1.4587
-10.8144,0.54,-6.9488,-1.3955,-7.4932,-2.6229
-8.7736,2.0748,-4.8889,-0.3413,-8.0377,-1.0507
-8.1584,0.6278,-5.8799,-0.8269,-7.269,-3.6836
-6.059,0.3447,-6.4242,-1.0295,-6.7759,-2.3049
-6.3073,0.6518,-5.4636,-0.791,-6.966,-2.8872
-7.1508,1.0238,-3.8924,-1.2684,-7.4837,-1.9615
-6.194,0.6359,-6.025,-0.8664,-6.4635,-2.0462
-9.2368,0.9224,-6.0573,-0.5099,-6.9574,-2.4246
-6.6022,0.8044,-4.508,-1.4179,-6.3313,-1.6539
-6.906,0.7938,-5.8897,-0.6082,-7.2636,-1.3046
-6.4268,2.3268,-4.5242,-0.49,-6.3769,-1.2134
-9.4163,1.089,-6.4559,-0.7231,-7.2399,-1.4193
-6.2279,0.5453,-6.2613,-1.3113,-7.7786,-1.9293
-6.9131,1.2943,-4.7064,-0.38,-7.477,-1.745
-8.0635,0.1332,-7.0509,-1.2988,-8.6128,-2.1942
-9.4641,1.049,-7.5386,-0.9704,-6.2886,-2.3622
-7.0851,-0.3796,-7.3165,-1.4699,-6.0623,-4.9158
-7.0135,0.733,-7.3096,-0.5155,-6.3921,-1.9798
-8.9294,0.5089,-6.7856,-0.5333,-6.6309,-4.4038
-8.999,1.6865,-4.3396,-0.1538,-6.1217,-0.8133
-8.8474,1.0907,-6.2201,-1.0464,-7.0954,-2.1297
-8.6567,0.6465,-5.7423,-1.0393,-8.1619,-1.4144
-8.1051,0.8386,-6.3002,-1.2944,-5.7537,-1.8298
-6.7205,1.2555,-4.7197,-0.5427,-7.3888,-1.2577
-9.4347,0.6046,-6.1102,-0.8199,-7.3163,-2.5653
-8.1398,0.6979,-5.5129,-0.8418,-5.2739,-1.093
-11.6433,0.5607,-5.9429,-1.4594,-5.8043,-3.6446
-8.7029,0.7977,-5.7769,-0.9489,-7.7969,-2.132
-6.2734,0.4635,-5.5404,-1.3204,-5.9542,-2.4625
-7.1718,1.0712,-5.3554,-0.7576,-6.6189,-1.5382
-6.3233,1.6764,-4.7576,-0.4231,-5.8644,-1.4836
-5.7373,0.8548,-5.9966,-0.9918,-6.8422,-1.3916
-7.7119,0.4266,-5.4707,-1.0085,-6.7625,-2.5279
-7.1291,1.0129,-6.2016,-0.6128,-5.9537,-2.6169
-8.6978,1.1295,-5.431,-1.001,-5.6518,-1.5142
-6.598,1.0407,-6.5951,-0.3868,-6.2531,-1.4862
-8.6513,0.1967,-6.9242,-1.7587,-6.1129,-3.9825
-5.4969,0.6962,-6.8163,-0.9346,-5.8866,-1.5995
-7.2268,0.9152,-4.9321,-0.7681,-6.2852,-1.8648
-9.2261,1.0164,-4.4376,-0.0598,-6.0426,-0.5314
-8.025,0.5722,-5.7776,-1.1403,-6.0253,-2.2755
-9.4752,0.5765,-5.3379,-1.1999,-5.5071,-2.4194
-6.5932,0.8614,-5.0403,-0.6479,-7.0714,-2.9697
-6.6788,0.2873,-6.1832,-1.0065,-6.6197,-2.8155
-8.9411,0.5635,-6.0219,-1.3211,-8.024,-2.0799
-7.6894,0.8393,-6.3356,-0.4981,-6.4778,-2.1371
-6.0156,1.2477,-5.4052,-0.5925,-6.5716,-1.3082
-8.5782,1.2116,-5.9642,-0.2567,-7.7813,-0.9871
-5.8377,2.4685,-4.0533,-0.3696,-5.7049,-0.8584
-5.2446,2.1884,-6.7364,-1.047,-6.5317,-1.2784
-8.0073,1.3104,-5.6028,-0.7555,-6.597,-1.2945
-11.0381,0.6992,-4.991,-1.1643,-5.5969,-2.2002
-5.7912,0.4946,-5.2619,-0.9744,-7.1898,-1.9538
-7.9211,0.7278,-5.6825,-1.3326,-5.8196,-1.8814
-6.3492,1.851,-4.6954,-0.1516,-5.5853,-0.2418
-9.1579,0.5517,-5.9776,-1.0417,-7.6223,-3.7501
-5.421,0.3263,-4.3937,-1.7834,-5.3745,-3.2094
-4.5424,0.5989,-5.3926,-1.2123,-6.4097,-2.8237
-7.2259,1.3877,-4.6587,-0.2534,-5.7048,-1.1189
-6.5992,1.472,-4.5151,-0.6254,-6.2891,-1.845
-8.4347,0.6223,-6.8263,-1.0251,-7.0662,-1.4926
-8.2232,0.2513,-6.262,-0.7144,-4.8494,-2.3148
-6.7084,1.7847,-4.4314,-1.5812,-6.9783,-1.6109
-6.6157,1.0249,-6.5302,-0.6708,-7.5605,-2.792
-5.7294,0.7968,-6.5563,-0.7102,-6.2624,-3.3957
-4.8231,1.3993,-6.0189,-0.0898,-5.2449,-2.6493
-8.1875,1.1107,-4.1053,-1.8125,-8.4924,-2.6227
-7.6496,1.6029,-6.3596,0.0251,-7.3139,-0.8056
-7.3984,1.596,-5.2442,-0.7958,-6.2624,-3.2105
-4.6773,0.9519,-5.8221,-0.6484,-6.4547,-1.4396
-7.8388,0.867,-6.1894,-0.6304,-9.2771,-2.6207
-6.2296,1.1244,-3.9862,-0.8341,-6.0236,-2.0695
-5.6154,0.589,-5.204,-0.4494,-6.0744,-2.3041
-6.407,0.4576,-7.4381,-0.8091,-7.8387,-3.6904
-5.8692,1.0217,-5.4403,-0.7614,-7.1156,-2.062
-7.093,1.2572,-6.2013,-0.0686,-6.8191,-2.2197
-6.6351,1.1182,-5.8907,-1.0186,-7.4909,-3.0421
-8.2916,1.5182,-5.1065,-0.7812,-7.6022,-1.5042
-11.149,1.4458,-4.1687,-0.8571,-7.3891,-1.8837
-6.2962,0.9058,-5.2726,-0.3114,-6.334,-2.1838
-6.788,1.4069,-8.1004,-0.418,-6.5363,-1.2717
-8.6296,1.2091,-5.3986,-0.5953,-8.9769,-1.8579
-7.5943,1.6951,-6.0333,-0.0927,-5.6002,-1.1941
-6.7435,1.2584,-6.9234,-0.4889,-4.8479,-1.4389
-7.7107,1.2425,-7.9675,-0.4883,-6.8435,-1.4693
-10.0021,1.1859,-6.2372,-0.7457,-6.9503,-1.9092
-8.0048,1.2223,-5.905,-1.0687,-6.0204,-1.5377
-7.4632,0.2977,-4.9618,-1.2817,-6.8898,-4.2218
-7.2257,1.6869,-6.0632,-0.1566,-5.2635,-0.8006
-8.2889,-0.2303,-5.1737,-1.8549,-6.4306,-3.662
-8.8674,0.7699,-6.1355,-1.2367,-7.3953,-3.8278
-7.7621,0.6117,-6.7302,-0.9476,-6.946,-3.5094
-7.8904,1.0644,-5.7181,-0.7788,-6.3478,-2.4482
-7.0643,0.6819,-4.7289,-1.3905,-5.9774,-1.7801
-9.3268,0.09,-5.3602,-1.2365,-7.2098,-3.46
-4.4699,1.4692,-5.523,-0.5159,-9.6527,-2.3014
-7.6475,0.1427,-5.1962,-1.024,-6.5428,-2.6948
-7.2479,0.2881,-5.3333,-1.0182,-7.0017,-2.3764
-7.2406,1.0767,-7.9997,-0.5496,-7.692,-2.2868
-8.8237,0.961,-6.2447,-0.7273,-6.5208,-1.9792
-7.0533,0.9061,-4.6725,-1.0266,-6.4274,-2.2171
-7.5821,1.5079,-4.9413,-0.2154,-6.3151,-1.6611
-6.3468,0.4614,-5.7593,-0.9165,-6.3156,-3.6674
-5.4186,0.8966,-4.8281,-0.9945,-6.0834,-1.571
-7.4476,0.7235,-5.1335,-0.4593,-5.5358,-0.9044
-9.1389,1.2899,-4.5582,-0.5519,-10.1118,-2.289
-10.5136,0.9897,-4.3842,-1.3915,-7.3094,-1.9971
-8.6046,0.8569,-6.1688,-0.4737,-6.1462,-2.2596
-6.3591,0.8006,-6.4646,-0.6833,-5.9505,-1.8718
-6.5185,1.6283,-4.7429,0.0688,-5.6836,-1.0165
-7.3144,1.5543,-4.7379,-1.2555,-6.3136,-1.7772
-11.055,0.8949,-4.9259,-0.7209,-5.9662,-1.9257
-8.3068,1.3186,-5.6466,-0.9941,-5.3252,-1.2032
-7.6224,1.1071,-5.5421,-0.6282,-7.0968,-2.0076
-6.2692,0.8073,-4.4508,-0.5495,-8.4294,-2.5105
-5.2891,1.0974,-7.984,-1.0229,-9.259,-1.9905
-6.8821,1.3348,-4.9779,-0.5492,-7.8168,-0.8753
-8.5087,0.765,-5.2533,-0.7034,-6.054,-1.9006
-7.2,1.5482,-4.4393,-0.6227,-7.4363,-1.4263
-11.0864,1.0774,-6.9803,-0.1104,-5.9058,-0.9004
-7.2615,1.257,-6.4557,-0.0604,-7.0632,-1.7328
-8.3638,1.213,-4.8373,-1.425,-6.7323,-3.0068
-7.5606,0.5925,-5.2173,-0.6395,-5.4776,-2.5186
-8.4246,0.7737,-6.6146,-1.2775,-7.2663,-3.0193
-6.911,1.2241,-4.9651,-1.0265,-8.1146,-1.9642
-8.1316,1.5124,-4.9544,-0.1559,-6.7746,-0.7201
-6.0995,1.3243,-5.5824,-0.6163,-7.0575,-1.5663
-6.4584,1.3698,-3.8893,-1.1191,-6.6633,-1.6679
-6.9703,2.0555,-4.6677,-0.4813,-6.2534,-1.7651
-8.0178,0.4507,-4.484,-0.8644,-8.0845,-1.8935
-6.3521,0.7929,-6.868,-1.2487,-5.7381,-1.8147
-5.243,0.5913,-5.844,-1.3788,-6.1699,-3.0052
-7.255,0.5024,-5.681,-0.7987,-6.3057,-2.3907
-7.7807,0.9886,-5.5765,-0.1759,-5.8808,-0.7507
-6.2168,0.9918,-7.7124,-0.5755,-5.8431,-0.8204
-5.4973,1.6083,-5.0225,-0.2998,-7.586,-1.9406
-6.6909,0.3738,-6.0716,-1.768,-5.7273,-3.892
-6.2518,1.3146,-4.4162,-0.3933,-8.1809,-1.624
-6.3044,0.4963,-7.2262,-1.4897,-6.5177,-2.1015
-6.7963,1.1539,-6.5434,-0.1775,-9.2987,-1.5138
-6.0381,0.9144,-4.5883,-0.8231,-6.1187,-2.3438
-7.2435,1.0772,-6.6563,-0.1741,-7.1853,-1.918
-6.3205,1.0577,-5.0262,-0.1167,-5.2082,-3.783
-7.4266,0.2392,-9.1575,-0.922,-6.3763,-1.9035
-9.0302,0.9506,-6.8354,-0.3097,-5.9974,-1.111
-6.3527,1.3293,-5.3846,-1.132,-7.7128,-1.814
-10.0388,0.9565,-4.4516,-0.7091,-6.5232,-3.4127
-8.2203,0.8342,-5.1568,-1.656,-6.718,-2.1573
-8.3972,1.4376,-5.6422,-0.1782,-8.4485,-1.3783
-9.7871,1.0896,-6.7953,-1.0323,-7.5072,-2.5536
-8.5567,1.0346,-5.3464,-0.8319,-7.2385,-2.1976
-7.9923,0.5042,-5.6081,-1.124,-6.4363,-3.7566
-4.6159,0.3103,-7.2113,-1.1869,-4.8162,-2.545
-4.9721,1.2977,-8.3557,0.038,-7.3779,-1.2133
-5.2235,1.6587,-4.8938,-0.4397,-6.1805,-1.9531
-8.2615,0.9599,-5.3079,-0.9756,-6.9557,-1.8166
-5.2181,0.5135,-5.018,-1.0625,-5.5073,-2.7992
-5.1762,0.8381,-5.9248,-0.7349,-7.2895,-2.1054
-7.5803,1.0846,-6.4284,-0.8467,-5.4061,-1.8746
-8.1772,1.5376,-6.1506,-0.245,-8.0524,-1.2912
-8.0805,1.893,-4.8106,-0.3305,-7.6464,-0.8507
-8.0374,0.8448,-6.4342,-0.9945,-7.727,-1.7677
-7.066,0.7528,-6.4944,-0.4136,-6.6606,-1.9397
-5.7894,0.996,-4.387,-1.4178,-7.2916,-1.818
-6.3903,1.3003,-5.6987,-0.4549,-6.1761,-1.4346
-6.7389,0.7473,-6.3483,-1.1369,-6.8736,-3.4686
-4.7471,1.0753,-4.8763,-0.8362,-5.1273,-1.9063
-7.8872,1.0633,-4.7252,-0.8309,-6.6039,-1.7813
-5.0895,1.152,-4.218,-0.2141,-9.7411,-0.9992
-6.3218,0.8813,-4.0637,-0.4688,-5.4713,-0.7558
-5.8419,1.1586,-5.9339,-1.0143,-6.8091,-2.3945
-9.6984,2.0221,-5.7213,-0.1904,-6.0261,-2.0383
-7.4758,0.9925,-5.5104,-0.5136,-6.521,-1.1332
-7.5634,1.4299,-5.488,-0.3375,-8.6593,-1.5641
-6.4739,0.3813,-7.1827,-0.6023,-5.4318,-2.3635
-3.9704,1.5774,-4.5579,-0.7611,-6.9715,-2.6015
-6.2305,1.5584,-5.5225,-1.0356,-7.2755,-2.2478
-5.1847,1.2135,-5.2188,-0.8502,-6.2438,-0.7251
-9.0382,1.4661,-4.4188,-0.0624,-6.1763,-0.6812
-6.6228,0.5513,-6.9823,-0.6443,-5.7663,-2.1496
-9.4372,0.9486,-6.0018,-1.024,-5.95,-2.6116
-6.2968,0.4611,-8.4227,-1.1027,-5.7739,-2.8029
-7.4454,0.7684,-4.9745,-1.4358,-5.5144,-2.7768
-5.9659,0.6999,-4.8697,-0.7752,-6.5289,-2.6235
-9.0445,0.989,-5.567,-0.8983,-6.7644,-2.2756
-6.433,0.9983,-5.1196,-0.4295,-6.6748,-2.1945
